h2,simfun,nSNP,causal,method,meanCOR,meanMSE,meanSecs,nValid,nTotal
0.2,cosh,1000,0.2,CLOSEFORM-MINQUE0-RIDGE,0.0123,1.0001,13.96,100,100
0.2,cosh,1000,0.2,GMM,0.0000,0.0000,7.65,0,100
0.2,cosh,1000,0.2,NUMERICAL-MINQUE-RIDGE,0.0108,1.0174,25.26,100,100
0.2,cosh,1000,0.2,CLOSEFORM-MINQUE1-RIDGE,0.0176,0.9995,12.64,100,100
0.2,cosh,1000,0.2,GMM-0,0.0117,0.9948,7.54,100,100
0.2,cosh,1000,0.2,NUMERICAL-MINQUE-ELASTICNET,0.0100,0.9944,20.48,53,100
0.2,cosh,1000,0.2,NUMERICAL-MINQUE-LASSO,0.0087,0.9945,20.89,37,100
0.2,cosh,1000,0.2,BLUP,0.0160,0.9953,0.39,100,100
0.2,cosh,1000,0.2,CLOSEFORM-MINQUE0,-0.0052,19.8228,12.23,100,100
0.2,cosh,1000,0.2,CLOSEFORM-MINQUE1,-0.0060,7.4284,12.38,100,100
0.2,cosh,1000,0.4,CLOSEFORM-MINQUE0-RIDGE,0.0041,1.0033,10.94,100,100
0.2,cosh,1000,0.4,GMM,0.0000,0.0000,4.86,0,100
0.2,cosh,1000,0.4,NUMERICAL-MINQUE-RIDGE,0.0008,1.0174,16.43,100,100
0.2,cosh,1000,0.4,CLOSEFORM-MINQUE1-RIDGE,0.0078,1.0029,9.23,100,100
0.2,cosh,1000,0.4,GMM-0,0.0032,0.9957,4.81,100,100
0.2,cosh,1000,0.4,NUMERICAL-MINQUE-ELASTICNET,-0.0050,0.9950,13.66,55,100
0.2,cosh,1000,0.4,NUMERICAL-MINQUE-LASSO,-0.0085,0.9950,13.70,44,100
0.2,cosh,1000,0.4,BLUP,0.0019,0.9960,0.37,100,100
0.2,cosh,1000,0.4,CLOSEFORM-MINQUE0,0.0113,236.5122,9.04,100,100
0.2,cosh,1000,0.4,CLOSEFORM-MINQUE1,0.0031,65.7416,9.16,100,100
0.2,cosh,1000,0.6,CLOSEFORM-MINQUE0-RIDGE,-0.0008,1.0056,10.64,100,100
0.2,cosh,1000,0.6,GMM,0.0000,0.0000,4.92,0,100
0.2,cosh,1000,0.6,NUMERICAL-MINQUE-RIDGE,-0.0006,1.0257,17.11,100,100
0.2,cosh,1000,0.6,CLOSEFORM-MINQUE1-RIDGE,0.0014,1.0056,9.21,100,100
0.2,cosh,1000,0.6,GMM-0,-0.0006,0.9960,4.76,100,100
0.2,cosh,1000,0.6,NUMERICAL-MINQUE-ELASTICNET,-0.0103,0.9950,14.09,68,100
0.2,cosh,1000,0.6,NUMERICAL-MINQUE-LASSO,-0.0034,0.9948,14.19,48,100
0.2,cosh,1000,0.6,BLUP,-0.0123,0.9966,0.34,100,100
0.2,cosh,1000,0.6,CLOSEFORM-MINQUE0,-0.0025,42.6570,9.11,100,100
0.2,cosh,1000,0.6,CLOSEFORM-MINQUE1,-0.0052,220.4443,8.97,100,100
0.2,cosh,1000,0.8,CLOSEFORM-MINQUE0-RIDGE,0.0086,1.0022,11.09,100,100
0.2,cosh,1000,0.8,GMM,0.0000,0.0000,5.04,0,100
0.2,cosh,1000,0.8,NUMERICAL-MINQUE-RIDGE,0.0093,1.0168,16.99,100,100
0.2,cosh,1000,0.8,CLOSEFORM-MINQUE1-RIDGE,0.0088,1.0019,9.49,100,100
0.2,cosh,1000,0.8,GMM-0,0.0080,0.9954,4.97,100,100
0.2,cosh,1000,0.8,NUMERICAL-MINQUE-ELASTICNET,0.0181,0.9951,14.11,56,100
0.2,cosh,1000,0.8,NUMERICAL-MINQUE-LASSO,0.0097,0.9950,14.04,40,100
0.2,cosh,1000,0.8,BLUP,0.0053,0.9966,0.36,100,100
0.2,cosh,1000,0.8,CLOSEFORM-MINQUE0,-0.0115,42.4026,9.36,100,100
0.2,cosh,1000,0.8,CLOSEFORM-MINQUE1,-0.0040,75.8465,9.38,100,100
0.2,cosh,1000,1,CLOSEFORM-MINQUE0-RIDGE,-0.0128,1.0060,10.81,100,100
0.2,cosh,1000,1,GMM,0.0000,0.0000,4.57,0,100
0.2,cosh,1000,1,NUMERICAL-MINQUE-RIDGE,-0.0108,1.0311,15.77,100,100
0.2,cosh,1000,1,CLOSEFORM-MINQUE1-RIDGE,-0.0115,1.0054,8.87,100,100
0.2,cosh,1000,1,GMM-0,-0.0120,0.9967,4.46,99,100
0.2,cosh,1000,1,NUMERICAL-MINQUE-ELASTICNET,-0.0118,0.9952,12.92,44,100
0.2,cosh,1000,1,NUMERICAL-MINQUE-LASSO,-0.0076,0.9950,12.96,38,100
0.2,cosh,1000,1,BLUP,-0.0155,0.9967,0.31,100,100
0.2,cosh,1000,1,CLOSEFORM-MINQUE0,-0.0016,137.6323,8.80,100,100
0.2,cosh,1000,1,CLOSEFORM-MINQUE1,-0.0001,57.6612,8.83,100,100
0.2,cosh,100,0.2,CLOSEFORM-MINQUE0-RIDGE,0.0671,0.9954,8.80,100,100
0.2,cosh,100,0.2,GMM,0.0000,0.0000,4.37,0,100
0.2,cosh,100,0.2,NUMERICAL-MINQUE-RIDGE,0.0549,0.9949,14.64,100,100
0.2,cosh,100,0.2,CLOSEFORM-MINQUE1-RIDGE,0.0639,1.0015,8.25,100,100
0.2,cosh,100,0.2,GMM-0,0.0257,0.9947,4.22,100,100
0.2,cosh,100,0.2,NUMERICAL-MINQUE-ELASTICNET,0.0578,0.9936,13.80,99,100
0.2,cosh,100,0.2,NUMERICAL-MINQUE-LASSO,0.0657,0.9940,13.71,80,100
0.2,cosh,100,0.2,BLUP,0.0092,0.9964,0.28,100,100
0.2,cosh,100,0.2,CLOSEFORM-MINQUE0,0.0143,39.5631,8.09,100,100
0.2,cosh,100,0.2,CLOSEFORM-MINQUE1,0.0161,1571.5239,8.01,100,100
0.2,cosh,100,0.4,CLOSEFORM-MINQUE0-RIDGE,0.0387,1.0028,10.93,100,100
0.2,cosh,100,0.4,GMM,0.0000,0.0000,5.18,0,100
0.2,cosh,100,0.4,NUMERICAL-MINQUE-RIDGE,0.0313,0.9963,16.87,100,100
0.2,cosh,100,0.4,CLOSEFORM-MINQUE1-RIDGE,0.0407,1.0077,9.52,100,100
0.2,cosh,100,0.4,GMM-0,0.0124,0.9955,5.04,100,100
0.2,cosh,100,0.4,NUMERICAL-MINQUE-ELASTICNET,0.0290,0.9947,16.14,90,100
0.2,cosh,100,0.4,NUMERICAL-MINQUE-LASSO,0.0197,0.9948,15.80,79,100
0.2,cosh,100,0.4,BLUP,0.0150,0.9966,0.36,100,100
0.2,cosh,100,0.4,CLOSEFORM-MINQUE0,0.0004,384.5520,9.17,100,100
0.2,cosh,100,0.4,CLOSEFORM-MINQUE1,0.0097,65011.3662,9.13,100,100
0.2,cosh,100,0.6,CLOSEFORM-MINQUE0-RIDGE,0.0338,1.0034,10.19,100,100
0.2,cosh,100,0.6,GMM,0.0000,0.0000,5.21,0,100
0.2,cosh,100,0.6,NUMERICAL-MINQUE-RIDGE,0.0163,0.9963,17.32,100,100
0.2,cosh,100,0.6,CLOSEFORM-MINQUE1-RIDGE,0.0260,1.0117,9.32,100,100
0.2,cosh,100,0.6,GMM-0,-0.0039,0.9963,5.06,100,100
0.2,cosh,100,0.6,NUMERICAL-MINQUE-ELASTICNET,0.0125,0.9949,16.15,92,100
0.2,cosh,100,0.6,NUMERICAL-MINQUE-LASSO,0.0110,0.9948,15.96,71,100
0.2,cosh,100,0.6,BLUP,-0.0049,0.9968,0.35,100,100
0.2,cosh,100,0.6,CLOSEFORM-MINQUE0,0.0071,374.4325,9.22,100,100
0.2,cosh,100,0.6,CLOSEFORM-MINQUE1,0.0051,89.5137,9.15,100,100
0.2,cosh,100,0.8,CLOSEFORM-MINQUE0-RIDGE,0.0124,1.0089,8.93,100,100
0.2,cosh,100,0.8,GMM,0.0000,0.0000,4.83,0,100
0.2,cosh,100,0.8,NUMERICAL-MINQUE-RIDGE,0.0063,0.9997,16.38,100,100
0.2,cosh,100,0.8,CLOSEFORM-MINQUE1-RIDGE,0.0154,1.0139,8.69,100,100
0.2,cosh,100,0.8,GMM-0,-0.0016,0.9964,4.68,100,100
0.2,cosh,100,0.8,NUMERICAL-MINQUE-ELASTICNET,0.0148,0.9953,15.38,80,100
0.2,cosh,100,0.8,NUMERICAL-MINQUE-LASSO,0.0006,0.9951,15.18,68,100
0.2,cosh,100,0.8,BLUP,0.0005,0.9969,0.33,100,100
0.2,cosh,100,0.8,CLOSEFORM-MINQUE0,-0.0019,197.9874,8.56,100,100
0.2,cosh,100,0.8,CLOSEFORM-MINQUE1,-0.0044,173.2310,8.52,100,100
0.2,cosh,100,1,CLOSEFORM-MINQUE0-RIDGE,0.0240,1.0055,8.59,100,100
0.2,cosh,100,1,GMM,0.0000,0.0000,4.86,0,100
0.2,cosh,100,1,NUMERICAL-MINQUE-RIDGE,0.0140,0.9959,15.90,100,100
0.2,cosh,100,1,CLOSEFORM-MINQUE1-RIDGE,0.0187,1.0127,8.43,100,100
0.2,cosh,100,1,GMM-0,0.0026,0.9959,4.76,100,100
0.2,cosh,100,1,NUMERICAL-MINQUE-ELASTICNET,0.0076,0.9951,15.55,67,100
0.2,cosh,100,1,NUMERICAL-MINQUE-LASSO,0.0077,0.9951,15.27,58,100
0.2,cosh,100,1,BLUP,0.0088,0.9961,0.34,100,100
0.2,cosh,100,1,CLOSEFORM-MINQUE0,0.0005,53872.3222,8.42,100,100
0.2,cosh,100,1,CLOSEFORM-MINQUE1,-0.0014,1489.5073,8.54,100,100
0.2,cosh,20,0.2,CLOSEFORM-MINQUE0-RIDGE,0.2142,0.9517,11.07,100,100
0.2,cosh,20,0.2,GMM,0.1405,0.9749,5.24,3,100
0.2,cosh,20,0.2,NUMERICAL-MINQUE-RIDGE,0.1870,0.9715,17.38,100,100
0.2,cosh,20,0.2,CLOSEFORM-MINQUE1-RIDGE,0.2240,0.9520,9.41,100,100
0.2,cosh,20,0.2,GMM-0,0.0724,0.9904,5.10,100,100
0.2,cosh,20,0.2,NUMERICAL-MINQUE-ELASTICNET,0.1936,0.9768,16.75,100,100
0.2,cosh,20,0.2,NUMERICAL-MINQUE-LASSO,0.1902,0.9792,16.41,97,100
0.2,cosh,20,0.2,BLUP,0.0614,0.9933,0.38,100,100
0.2,cosh,20,0.2,CLOSEFORM-MINQUE0,0.0340,70.4094,9.18,100,100
0.2,cosh,20,0.2,CLOSEFORM-MINQUE1,0.0365,719.6257,9.20,100,100
0.2,cosh,20,0.4,CLOSEFORM-MINQUE0-RIDGE,0.1555,0.9837,9.53,100,100
0.2,cosh,20,0.4,GMM,0.0326,1.0025,4.37,1,100
0.2,cosh,20,0.4,NUMERICAL-MINQUE-RIDGE,0.1471,0.9796,14.84,100,100
0.2,cosh,20,0.4,CLOSEFORM-MINQUE1-RIDGE,0.1553,0.9898,8.03,100,100
0.2,cosh,20,0.4,GMM-0,0.0579,0.9921,4.24,100,100
0.2,cosh,20,0.4,NUMERICAL-MINQUE-ELASTICNET,0.1435,0.9844,14.29,99,100
0.2,cosh,20,0.4,NUMERICAL-MINQUE-LASSO,0.1356,0.9864,14.05,97,100
0.2,cosh,20,0.4,BLUP,0.0438,0.9936,0.32,100,100
0.2,cosh,20,0.4,CLOSEFORM-MINQUE0,0.0252,100.7495,7.96,100,100
0.2,cosh,20,0.4,CLOSEFORM-MINQUE1,0.0215,393.8821,7.94,100,100
0.2,cosh,20,0.6,CLOSEFORM-MINQUE0-RIDGE,0.1181,0.9981,11.26,100,100
0.2,cosh,20,0.6,GMM,0.0000,0.0000,5.41,0,100
0.2,cosh,20,0.6,NUMERICAL-MINQUE-RIDGE,0.0918,0.9881,18.69,100,100
0.2,cosh,20,0.6,CLOSEFORM-MINQUE1-RIDGE,0.1197,1.0029,9.56,100,100
0.2,cosh,20,0.6,GMM-0,0.0228,0.9948,5.28,100,100
0.2,cosh,20,0.6,NUMERICAL-MINQUE-ELASTICNET,0.0887,0.9905,17.64,98,100
0.2,cosh,20,0.6,NUMERICAL-MINQUE-LASSO,0.0899,0.9922,17.65,90,100
0.2,cosh,20,0.6,BLUP,0.0271,0.9952,0.40,100,100
0.2,cosh,20,0.6,CLOSEFORM-MINQUE0,0.0284,133.5529,9.42,100,100
0.2,cosh,20,0.6,CLOSEFORM-MINQUE1,0.0101,141.7833,9.34,100,100
0.2,cosh,20,0.8,CLOSEFORM-MINQUE0-RIDGE,0.0817,1.0139,10.12,100,100
0.2,cosh,20,0.8,GMM,0.0000,0.0000,4.93,0,100
0.2,cosh,20,0.8,NUMERICAL-MINQUE-RIDGE,0.0572,0.9910,17.35,100,100
0.2,cosh,20,0.8,CLOSEFORM-MINQUE1-RIDGE,0.0787,1.0231,8.62,100,100
0.2,cosh,20,0.8,GMM-0,-0.0007,0.9964,4.79,100,100
0.2,cosh,20,0.8,NUMERICAL-MINQUE-ELASTICNET,0.0509,0.9924,16.58,96,100
0.2,cosh,20,0.8,NUMERICAL-MINQUE-LASSO,0.0462,0.9931,16.38,88,100
0.2,cosh,20,0.8,BLUP,0.0125,0.9969,0.35,100,100
0.2,cosh,20,0.8,CLOSEFORM-MINQUE0,0.0061,26.0645,8.49,100,100
0.2,cosh,20,0.8,CLOSEFORM-MINQUE1,0.0145,43.9510,8.50,100,100
0.2,cosh,20,1,CLOSEFORM-MINQUE0-RIDGE,0.0759,1.0188,10.27,100,100
0.2,cosh,20,1,GMM,0.0000,0.0000,4.83,0,100
0.2,cosh,20,1,NUMERICAL-MINQUE-RIDGE,0.0614,0.9927,16.61,100,100
0.2,cosh,20,1,CLOSEFORM-MINQUE1-RIDGE,0.0692,1.0280,8.61,100,100
0.2,cosh,20,1,GMM-0,0.0143,0.9959,4.71,100,100
0.2,cosh,20,1,NUMERICAL-MINQUE-ELASTICNET,0.0381,0.9940,15.68,92,100
0.2,cosh,20,1,NUMERICAL-MINQUE-LASSO,0.0307,0.9943,15.61,82,100
0.2,cosh,20,1,BLUP,0.0226,0.9961,0.37,100,100
0.2,cosh,20,1,CLOSEFORM-MINQUE0,0.0034,19728.4450,8.51,100,100
0.2,cosh,20,1,CLOSEFORM-MINQUE1,0.0173,507.1040,8.43,100,100
0.2,cosh,500,0.2,CLOSEFORM-MINQUE0-RIDGE,0.0001,1.0043,9.78,100,100
0.2,cosh,500,0.2,GMM,0.0000,0.0000,4.41,0,100
0.2,cosh,500,0.2,NUMERICAL-MINQUE-RIDGE,0.0009,1.0244,14.85,100,100
0.2,cosh,500,0.2,CLOSEFORM-MINQUE1-RIDGE,0.0094,1.0022,8.47,100,100
0.2,cosh,500,0.2,GMM-0,-0.0050,0.9965,4.27,100,100
0.2,cosh,500,0.2,NUMERICAL-MINQUE-ELASTICNET,-0.0126,0.9958,13.04,64,100
0.2,cosh,500,0.2,NUMERICAL-MINQUE-LASSO,-0.0086,0.9953,12.90,52,100
0.2,cosh,500,0.2,BLUP,0.0108,0.9963,0.30,100,100
0.2,cosh,500,0.2,CLOSEFORM-MINQUE0,-0.0061,3.4228,8.20,100,100
0.2,cosh,500,0.2,CLOSEFORM-MINQUE1,-0.0048,150.9283,8.13,100,100
0.2,cosh,500,0.4,CLOSEFORM-MINQUE0-RIDGE,-0.0029,1.0037,10.51,100,100
0.2,cosh,500,0.4,GMM,0.0000,0.0000,4.92,0,100
0.2,cosh,500,0.4,NUMERICAL-MINQUE-RIDGE,-0.0042,1.0216,16.80,100,100
0.2,cosh,500,0.4,CLOSEFORM-MINQUE1-RIDGE,-0.0049,1.0031,9.08,100,100
0.2,cosh,500,0.4,GMM-0,-0.0030,0.9960,4.82,100,100
0.2,cosh,500,0.4,NUMERICAL-MINQUE-ELASTICNET,0.0083,0.9952,14.55,63,100
0.2,cosh,500,0.4,NUMERICAL-MINQUE-LASSO,0.0122,0.9951,14.48,43,100
0.2,cosh,500,0.4,BLUP,-0.0020,0.9959,0.32,100,100
0.2,cosh,500,0.4,CLOSEFORM-MINQUE0,0.0032,219.1517,8.86,100,100
0.2,cosh,500,0.4,CLOSEFORM-MINQUE1,-0.0062,305.6193,8.79,100,100
0.2,cosh,500,0.6,CLOSEFORM-MINQUE0-RIDGE,0.0129,1.0007,11.71,100,100
0.2,cosh,500,0.6,GMM,0.0000,0.0000,7.09,0,100
0.2,cosh,500,0.6,NUMERICAL-MINQUE-RIDGE,0.0145,1.0155,21.26,100,100
0.2,cosh,500,0.6,CLOSEFORM-MINQUE1-RIDGE,0.0127,1.0014,11.51,100,100
0.2,cosh,500,0.6,GMM-0,0.0100,0.9953,6.99,100,100
0.2,cosh,500,0.6,NUMERICAL-MINQUE-ELASTICNET,-0.0042,0.9952,19.34,47,100
0.2,cosh,500,0.6,NUMERICAL-MINQUE-LASSO,0.0013,0.9951,19.14,32,100
0.2,cosh,500,0.6,BLUP,0.0062,0.9958,0.35,100,100
0.2,cosh,500,0.6,CLOSEFORM-MINQUE0,0.0039,41.8048,11.35,100,100
0.2,cosh,500,0.6,CLOSEFORM-MINQUE1,0.0044,40.9020,11.45,100,100
0.2,cosh,500,0.8,CLOSEFORM-MINQUE0-RIDGE,0.0031,1.0024,10.37,100,100
0.2,cosh,500,0.8,GMM,0.0000,0.0000,5.10,0,100
0.2,cosh,500,0.8,NUMERICAL-MINQUE-RIDGE,0.0050,1.0168,16.83,100,100
0.2,cosh,500,0.8,CLOSEFORM-MINQUE1-RIDGE,0.0023,1.0021,9.28,100,100
0.2,cosh,500,0.8,GMM-0,0.0024,0.9958,5.02,100,100
0.2,cosh,500,0.8,NUMERICAL-MINQUE-ELASTICNET,-0.0167,0.9951,14.45,51,100
0.2,cosh,500,0.8,NUMERICAL-MINQUE-LASSO,-0.0114,0.9952,14.43,40,100
0.2,cosh,500,0.8,BLUP,0.0045,0.9962,0.35,100,100
0.2,cosh,500,0.8,CLOSEFORM-MINQUE0,0.0048,8471.1186,9.25,100,100
0.2,cosh,500,0.8,CLOSEFORM-MINQUE1,0.0053,50.9779,9.17,100,100
0.2,cosh,500,1,CLOSEFORM-MINQUE0-RIDGE,0.0049,1.0027,10.10,100,100
0.2,cosh,500,1,GMM,0.0000,0.0000,4.65,0,100
0.2,cosh,500,1,NUMERICAL-MINQUE-RIDGE,0.0065,1.0198,15.78,100,100
0.2,cosh,500,1,CLOSEFORM-MINQUE1-RIDGE,0.0089,1.0016,8.72,100,100
0.2,cosh,500,1,GMM-0,0.0075,0.9958,4.54,100,100
0.2,cosh,500,1,NUMERICAL-MINQUE-ELASTICNET,0.0032,0.9954,13.50,53,100
0.2,cosh,500,1,NUMERICAL-MINQUE-LASSO,0.0001,0.9952,13.47,48,100
0.2,cosh,500,1,BLUP,0.0048,0.9965,0.34,100,100
0.2,cosh,500,1,CLOSEFORM-MINQUE0,-0.0056,52005.6390,8.46,100,100
0.2,cosh,500,1,CLOSEFORM-MINQUE1,-0.0096,22939.5574,8.46,100,100
0.2,hyperbola,1000,0.2,CLOSEFORM-MINQUE0-RIDGE,0.0087,1.0014,11.31,100,100
0.2,hyperbola,1000,0.2,GMM,0.0000,0.0000,5.04,0,100
0.2,hyperbola,1000,0.2,NUMERICAL-MINQUE-RIDGE,0.0092,1.0194,17.48,100,100
0.2,hyperbola,1000,0.2,CLOSEFORM-MINQUE1-RIDGE,0.0066,1.0012,9.64,100,100
0.2,hyperbola,1000,0.2,GMM-0,0.0079,0.9951,4.91,100,100
0.2,hyperbola,1000,0.2,NUMERICAL-MINQUE-ELASTICNET,0.0168,0.9947,14.57,68,100
0.2,hyperbola,1000,0.2,NUMERICAL-MINQUE-LASSO,0.0245,0.9948,14.71,51,100
0.2,hyperbola,1000,0.2,BLUP,0.0009,0.9959,0.33,100,100
0.2,hyperbola,1000,0.2,CLOSEFORM-MINQUE0,0.0023,6.7023,9.40,100,100
0.2,hyperbola,1000,0.2,CLOSEFORM-MINQUE1,0.0024,293.0428,9.54,100,100
0.2,hyperbola,1000,0.4,CLOSEFORM-MINQUE0-RIDGE,-0.0015,1.0039,11.40,100,100
0.2,hyperbola,1000,0.4,GMM,0.0000,0.0000,5.14,0,100
0.2,hyperbola,1000,0.4,NUMERICAL-MINQUE-RIDGE,-0.0006,1.0185,17.61,100,100
0.2,hyperbola,1000,0.4,CLOSEFORM-MINQUE1-RIDGE,0.0059,1.0035,9.59,100,100
0.2,hyperbola,1000,0.4,GMM-0,-0.0009,0.9958,5.09,100,100
0.2,hyperbola,1000,0.4,NUMERICAL-MINQUE-ELASTICNET,0.0160,0.9949,14.70,72,100
0.2,hyperbola,1000,0.4,NUMERICAL-MINQUE-LASSO,0.0216,0.9949,14.78,51,100
0.2,hyperbola,1000,0.4,BLUP,-0.0074,0.9974,0.37,100,100
0.2,hyperbola,1000,0.4,CLOSEFORM-MINQUE0,0.0059,4.4607,9.33,100,100
0.2,hyperbola,1000,0.4,CLOSEFORM-MINQUE1,-0.0022,78.8654,9.50,100,100
0.2,hyperbola,1000,0.6,CLOSEFORM-MINQUE0-RIDGE,0.0061,1.0017,10.72,100,100
0.2,hyperbola,1000,0.6,GMM,0.0000,0.0000,4.85,0,100
0.2,hyperbola,1000,0.6,NUMERICAL-MINQUE-RIDGE,0.0035,1.0094,16.57,100,100
0.2,hyperbola,1000,0.6,CLOSEFORM-MINQUE1-RIDGE,0.0030,1.0012,9.09,100,100
0.2,hyperbola,1000,0.6,GMM-0,0.0080,0.9954,4.73,99,100
0.2,hyperbola,1000,0.6,NUMERICAL-MINQUE-ELASTICNET,0.0033,0.9949,13.96,61,100
0.2,hyperbola,1000,0.6,NUMERICAL-MINQUE-LASSO,0.0025,0.9949,13.97,44,100
0.2,hyperbola,1000,0.6,BLUP,0.0026,0.9954,0.34,100,100
0.2,hyperbola,1000,0.6,CLOSEFORM-MINQUE0,0.0082,2.9695,9.10,100,100
0.2,hyperbola,1000,0.6,CLOSEFORM-MINQUE1,0.0137,69088.1710,9.00,100,100
0.2,hyperbola,1000,0.8,CLOSEFORM-MINQUE0-RIDGE,-0.0006,1.0021,10.03,100,100
0.2,hyperbola,1000,0.8,GMM,0.0000,0.0000,5.07,0,100
0.2,hyperbola,1000,0.8,NUMERICAL-MINQUE-RIDGE,-0.0009,1.0162,17.14,100,100
0.2,hyperbola,1000,0.8,CLOSEFORM-MINQUE1-RIDGE,0.0021,1.0017,9.52,100,100
0.2,hyperbola,1000,0.8,GMM-0,-0.0024,0.9956,5.06,99,100
0.2,hyperbola,1000,0.8,NUMERICAL-MINQUE-ELASTICNET,-0.0106,0.9953,14.21,58,100
0.2,hyperbola,1000,0.8,NUMERICAL-MINQUE-LASSO,-0.0043,0.9951,14.33,40,100
0.2,hyperbola,1000,0.8,BLUP,0.0087,0.9957,0.37,100,100
0.2,hyperbola,1000,0.8,CLOSEFORM-MINQUE0,-0.0016,18.0383,9.59,100,100
0.2,hyperbola,1000,0.8,CLOSEFORM-MINQUE1,-0.0017,43.8673,9.51,100,100
0.2,hyperbola,1000,1,CLOSEFORM-MINQUE0-RIDGE,-0.0012,1.0033,11.43,100,100
0.2,hyperbola,1000,1,GMM,0.0000,0.0000,5.76,0,100
0.2,hyperbola,1000,1,NUMERICAL-MINQUE-RIDGE,-0.0008,1.0134,20.61,100,100
0.2,hyperbola,1000,1,CLOSEFORM-MINQUE1-RIDGE,-0.0020,1.0027,10.13,100,100
0.2,hyperbola,1000,1,GMM-0,-0.0015,0.9959,5.68,100,100
0.2,hyperbola,1000,1,NUMERICAL-MINQUE-ELASTICNET,0.0007,0.9950,16.92,68,100
0.2,hyperbola,1000,1,NUMERICAL-MINQUE-LASSO,-0.0003,0.9949,16.86,49,100
0.2,hyperbola,1000,1,BLUP,-0.0034,0.9958,0.31,100,100
0.2,hyperbola,1000,1,CLOSEFORM-MINQUE0,0.0011,22.4083,9.75,100,100
0.2,hyperbola,1000,1,CLOSEFORM-MINQUE1,-0.0002,571.6648,9.91,100,100
0.2,hyperbola,100,0.2,CLOSEFORM-MINQUE0-RIDGE,0.0608,0.9980,9.25,100,100
0.2,hyperbola,100,0.2,GMM,0.0000,0.0000,4.78,0,100
0.2,hyperbola,100,0.2,NUMERICAL-MINQUE-RIDGE,0.0410,0.9948,15.72,100,100
0.2,hyperbola,100,0.2,CLOSEFORM-MINQUE1-RIDGE,0.0590,1.0033,8.88,100,100
0.2,hyperbola,100,0.2,GMM-0,0.0100,0.9962,4.68,100,100
0.2,hyperbola,100,0.2,NUMERICAL-MINQUE-ELASTICNET,0.0475,0.9942,14.93,97,100
0.2,hyperbola,100,0.2,NUMERICAL-MINQUE-LASSO,0.0550,0.9945,14.80,88,100
0.2,hyperbola,100,0.2,BLUP,0.0143,0.9966,0.36,100,100
0.2,hyperbola,100,0.2,CLOSEFORM-MINQUE0,-0.0009,130.5103,8.73,100,100
0.2,hyperbola,100,0.2,CLOSEFORM-MINQUE1,0.0057,58.9968,8.69,100,100
0.2,hyperbola,100,0.4,CLOSEFORM-MINQUE0-RIDGE,0.0411,1.0015,8.19,100,100
0.2,hyperbola,100,0.4,GMM,0.0000,0.0000,4.36,0,100
0.2,hyperbola,100,0.4,NUMERICAL-MINQUE-RIDGE,0.0249,0.9952,14.28,100,100
0.2,hyperbola,100,0.4,CLOSEFORM-MINQUE1-RIDGE,0.0377,1.0083,7.97,100,100
0.2,hyperbola,100,0.4,GMM-0,0.0037,0.9961,4.23,100,100
0.2,hyperbola,100,0.4,NUMERICAL-MINQUE-ELASTICNET,0.0252,0.9947,13.79,95,100
0.2,hyperbola,100,0.4,NUMERICAL-MINQUE-LASSO,0.0141,0.9947,13.51,81,100
0.2,hyperbola,100,0.4,BLUP,0.0072,0.9964,0.28,100,100
0.2,hyperbola,100,0.4,CLOSEFORM-MINQUE0,0.0020,2028301.1379,7.90,100,100
0.2,hyperbola,100,0.4,CLOSEFORM-MINQUE1,-0.0006,269.1611,7.96,100,100
0.2,hyperbola,100,0.6,CLOSEFORM-MINQUE0-RIDGE,0.0241,1.0047,11.64,100,100
0.2,hyperbola,100,0.6,GMM,0.0000,0.0000,7.49,0,100
0.2,hyperbola,100,0.6,NUMERICAL-MINQUE-RIDGE,0.0107,0.9956,24.94,100,100
0.2,hyperbola,100,0.6,CLOSEFORM-MINQUE1-RIDGE,0.0219,1.0119,11.14,100,100
0.2,hyperbola,100,0.6,GMM-0,-0.0039,0.9959,7.20,100,100
0.2,hyperbola,100,0.6,NUMERICAL-MINQUE-ELASTICNET,0.0094,0.9953,23.97,95,100
0.2,hyperbola,100,0.6,NUMERICAL-MINQUE-LASSO,0.0099,0.9953,23.74,78,100
0.2,hyperbola,100,0.6,BLUP,0.0075,0.9962,0.33,100,100
0.2,hyperbola,100,0.6,CLOSEFORM-MINQUE0,-0.0010,84.2372,11.17,100,100
0.2,hyperbola,100,0.6,CLOSEFORM-MINQUE1,0.0005,683.8343,11.14,100,100
0.2,hyperbola,100,0.8,CLOSEFORM-MINQUE0-RIDGE,0.0193,1.0063,10.54,100,100
0.2,hyperbola,100,0.8,GMM,0.0000,0.0000,6.27,0,100
0.2,hyperbola,100,0.8,NUMERICAL-MINQUE-RIDGE,0.0093,0.9962,21.20,100,100
0.2,hyperbola,100,0.8,CLOSEFORM-MINQUE1-RIDGE,0.0263,1.0102,10.06,100,100
0.2,hyperbola,100,0.8,GMM-0,-0.0016,0.9966,6.13,100,100
0.2,hyperbola,100,0.8,NUMERICAL-MINQUE-ELASTICNET,-0.0001,0.9955,20.11,94,100
0.2,hyperbola,100,0.8,NUMERICAL-MINQUE-LASSO,-0.0041,0.9954,19.82,77,100
0.2,hyperbola,100,0.8,BLUP,0.0085,0.9968,0.36,100,100
0.2,hyperbola,100,0.8,CLOSEFORM-MINQUE0,-0.0056,195.9516,9.97,100,100
0.2,hyperbola,100,0.8,CLOSEFORM-MINQUE1,0.0118,125.3436,9.98,100,100
0.2,hyperbola,100,1,CLOSEFORM-MINQUE0-RIDGE,0.0262,1.0035,10.04,100,100
0.2,hyperbola,100,1,GMM,0.0000,0.0000,4.80,0,100
0.2,hyperbola,100,1,NUMERICAL-MINQUE-RIDGE,0.0159,0.9957,15.96,100,100
0.2,hyperbola,100,1,CLOSEFORM-MINQUE1-RIDGE,0.0225,1.0096,8.65,100,100
0.2,hyperbola,100,1,GMM-0,-0.0013,0.9960,4.69,100,100
0.2,hyperbola,100,1,NUMERICAL-MINQUE-ELASTICNET,0.0062,0.9954,15.06,94,100
0.2,hyperbola,100,1,NUMERICAL-MINQUE-LASSO,0.0128,0.9952,14.87,75,100
0.2,hyperbola,100,1,BLUP,0.0029,0.9964,0.34,100,100
0.2,hyperbola,100,1,CLOSEFORM-MINQUE0,0.0004,44.9401,8.56,100,100
0.2,hyperbola,100,1,CLOSEFORM-MINQUE1,0.0058,6974.8113,8.56,100,100
0.2,hyperbola,20,0.2,CLOSEFORM-MINQUE0-RIDGE,0.2203,0.9484,10.08,100,100
0.2,hyperbola,20,0.2,GMM,0.1908,0.9767,4.94,5,100
0.2,hyperbola,20,0.2,NUMERICAL-MINQUE-RIDGE,0.1980,0.9642,16.45,100,100
0.2,hyperbola,20,0.2,CLOSEFORM-MINQUE1-RIDGE,0.2237,0.9514,8.76,100,100
0.2,hyperbola,20,0.2,GMM-0,0.0838,0.9867,4.85,100,100
0.2,hyperbola,20,0.2,NUMERICAL-MINQUE-ELASTICNET,0.2134,0.9689,15.77,99,100
0.2,hyperbola,20,0.2,NUMERICAL-MINQUE-LASSO,0.2185,0.9716,15.65,99,100
0.2,hyperbola,20,0.2,BLUP,0.0654,0.9915,0.37,100,100
0.2,hyperbola,20,0.2,CLOSEFORM-MINQUE0,0.0282,14742.1765,8.74,100,100
0.2,hyperbola,20,0.2,CLOSEFORM-MINQUE1,0.0349,1324.2535,8.66,100,100
0.2,hyperbola,20,0.4,CLOSEFORM-MINQUE0-RIDGE,0.1314,0.9884,10.39,100,100
0.2,hyperbola,20,0.4,GMM,0.0181,0.9952,4.73,1,100
0.2,hyperbola,20,0.4,NUMERICAL-MINQUE-RIDGE,0.0979,0.9872,15.42,100,100
0.2,hyperbola,20,0.4,CLOSEFORM-MINQUE1-RIDGE,0.1343,0.9933,9.00,100,100
0.2,hyperbola,20,0.4,GMM-0,0.0051,0.9961,4.63,100,100
0.2,hyperbola,20,0.4,NUMERICAL-MINQUE-ELASTICNET,0.1094,0.9888,14.78,100,100
0.2,hyperbola,20,0.4,NUMERICAL-MINQUE-LASSO,0.1077,0.9900,14.68,97,100
0.2,hyperbola,20,0.4,BLUP,0.0049,0.9963,0.40,100,100
0.2,hyperbola,20,0.4,CLOSEFORM-MINQUE0,0.0282,8964.9261,8.89,100,100
0.2,hyperbola,20,0.4,CLOSEFORM-MINQUE1,0.0259,991.8919,8.89,100,100
0.2,hyperbola,20,0.6,CLOSEFORM-MINQUE0-RIDGE,0.1106,0.9972,10.81,100,100
0.2,hyperbola,20,0.6,GMM,0.0000,0.0000,5.14,0,100
0.2,hyperbola,20,0.6,NUMERICAL-MINQUE-RIDGE,0.0903,0.9887,17.28,100,100
0.2,hyperbola,20,0.6,CLOSEFORM-MINQUE1-RIDGE,0.1066,1.0057,9.19,100,100
0.2,hyperbola,20,0.6,GMM-0,0.0195,0.9952,4.99,99,100
0.2,hyperbola,20,0.6,NUMERICAL-MINQUE-ELASTICNET,0.0786,0.9911,16.67,100,100
0.2,hyperbola,20,0.6,NUMERICAL-MINQUE-LASSO,0.0768,0.9923,16.43,98,100
0.2,hyperbola,20,0.6,BLUP,0.0255,0.9954,0.39,100,100
0.2,hyperbola,20,0.6,CLOSEFORM-MINQUE0,0.0113,438.0119,9.00,100,100
0.2,hyperbola,20,0.6,CLOSEFORM-MINQUE1,0.0149,1255.6761,9.00,100,100
0.2,hyperbola,20,0.8,CLOSEFORM-MINQUE0-RIDGE,0.0921,1.0025,10.57,100,100
0.2,hyperbola,20,0.8,GMM,0.0000,0.0000,5.10,0,100
0.2,hyperbola,20,0.8,NUMERICAL-MINQUE-RIDGE,0.0714,0.9911,17.32,100,100
0.2,hyperbola,20,0.8,CLOSEFORM-MINQUE1-RIDGE,0.0782,1.0173,8.90,100,100
0.2,hyperbola,20,0.8,GMM-0,0.0077,0.9956,5.02,100,100
0.2,hyperbola,20,0.8,NUMERICAL-MINQUE-ELASTICNET,0.0689,0.9921,16.58,99,100
0.2,hyperbola,20,0.8,NUMERICAL-MINQUE-LASSO,0.0658,0.9927,16.42,92,100
0.2,hyperbola,20,0.8,BLUP,0.0133,0.9958,0.37,100,100
0.2,hyperbola,20,0.8,CLOSEFORM-MINQUE0,0.0109,81.5971,8.77,100,100
0.2,hyperbola,20,0.8,CLOSEFORM-MINQUE1,0.0126,40379.8792,8.82,100,100
0.2,hyperbola,20,1,CLOSEFORM-MINQUE0-RIDGE,0.0762,1.0097,9.79,100,100
0.2,hyperbola,20,1,GMM,0.0000,0.0000,4.81,0,100
0.2,hyperbola,20,1,NUMERICAL-MINQUE-RIDGE,0.0594,0.9923,16.49,100,100
0.2,hyperbola,20,1,CLOSEFORM-MINQUE1-RIDGE,0.0728,1.0175,8.43,100,100
0.2,hyperbola,20,1,GMM-0,0.0135,0.9957,4.68,100,100
0.2,hyperbola,20,1,NUMERICAL-MINQUE-ELASTICNET,0.0380,0.9937,15.95,100,100
0.2,hyperbola,20,1,NUMERICAL-MINQUE-LASSO,0.0315,0.9942,15.73,96,100
0.2,hyperbola,20,1,BLUP,0.0166,0.9955,0.35,100,100
0.2,hyperbola,20,1,CLOSEFORM-MINQUE0,0.0143,17.8291,8.40,100,100
0.2,hyperbola,20,1,CLOSEFORM-MINQUE1,0.0023,441.5798,8.45,100,100
0.2,hyperbola,500,0.2,CLOSEFORM-MINQUE0-RIDGE,0.0054,1.0028,10.93,100,100
0.2,hyperbola,500,0.2,GMM,0.0000,0.0000,4.89,0,100
0.2,hyperbola,500,0.2,NUMERICAL-MINQUE-RIDGE,0.0035,1.0174,16.18,100,100
0.2,hyperbola,500,0.2,CLOSEFORM-MINQUE1-RIDGE,0.0083,1.0023,9.11,100,100
0.2,hyperbola,500,0.2,GMM-0,0.0019,0.9959,4.80,100,100
0.2,hyperbola,500,0.2,NUMERICAL-MINQUE-ELASTICNET,0.0027,0.9953,14.62,72,100
0.2,hyperbola,500,0.2,NUMERICAL-MINQUE-LASSO,-0.0020,0.9952,14.46,48,100
0.2,hyperbola,500,0.2,BLUP,0.0105,0.9959,0.33,100,100
0.2,hyperbola,500,0.2,CLOSEFORM-MINQUE0,-0.0033,275.9088,8.86,100,100
0.2,hyperbola,500,0.2,CLOSEFORM-MINQUE1,0.0070,128.0878,8.87,100,100
0.2,hyperbola,500,0.4,CLOSEFORM-MINQUE0-RIDGE,-0.0009,1.0040,10.41,100,100
0.2,hyperbola,500,0.4,GMM,0.0000,0.0000,5.00,0,100
0.2,hyperbola,500,0.4,NUMERICAL-MINQUE-RIDGE,-0.0041,1.0240,16.89,100,100
0.2,hyperbola,500,0.4,CLOSEFORM-MINQUE1-RIDGE,-0.0033,1.0043,8.98,100,100
0.2,hyperbola,500,0.4,GMM-0,0.0018,0.9960,4.84,99,100
0.2,hyperbola,500,0.4,NUMERICAL-MINQUE-ELASTICNET,-0.0065,0.9954,14.84,79,100
0.2,hyperbola,500,0.4,NUMERICAL-MINQUE-LASSO,-0.0029,0.9952,14.75,57,100
0.2,hyperbola,500,0.4,BLUP,0.0045,0.9969,0.33,100,100
0.2,hyperbola,500,0.4,CLOSEFORM-MINQUE0,-0.0088,22.9432,8.98,100,100
0.2,hyperbola,500,0.4,CLOSEFORM-MINQUE1,0.0002,36.4634,8.79,100,100
0.2,hyperbola,500,0.6,CLOSEFORM-MINQUE0-RIDGE,-0.0035,1.0032,12.57,100,100
0.2,hyperbola,500,0.6,GMM,0.0000,0.0000,5.27,0,100
0.2,hyperbola,500,0.6,NUMERICAL-MINQUE-RIDGE,-0.0011,1.0198,17.40,100,100
0.2,hyperbola,500,0.6,CLOSEFORM-MINQUE1-RIDGE,-0.0052,1.0035,9.63,100,100
0.2,hyperbola,500,0.6,GMM-0,0.0006,0.9957,5.15,100,100
0.2,hyperbola,500,0.6,NUMERICAL-MINQUE-ELASTICNET,0.0004,0.9950,15.35,70,100
0.2,hyperbola,500,0.6,NUMERICAL-MINQUE-LASSO,0.0105,0.9950,15.19,49,100
0.2,hyperbola,500,0.6,BLUP,-0.0049,0.9965,0.36,100,100
0.2,hyperbola,500,0.6,CLOSEFORM-MINQUE0,-0.0080,335.3116,9.55,100,100
0.2,hyperbola,500,0.6,CLOSEFORM-MINQUE1,-0.0014,304.6732,9.54,100,100
0.2,hyperbola,500,0.8,CLOSEFORM-MINQUE0-RIDGE,-0.0010,1.0020,10.51,100,100
0.2,hyperbola,500,0.8,GMM,0.0000,0.0000,5.28,0,100
0.2,hyperbola,500,0.8,NUMERICAL-MINQUE-RIDGE,0.0010,1.0211,18.32,100,100
0.2,hyperbola,500,0.8,CLOSEFORM-MINQUE1-RIDGE,0.0030,1.0010,9.36,100,100
0.2,hyperbola,500,0.8,GMM-0,-0.0031,0.9957,5.15,99,100
0.2,hyperbola,500,0.8,NUMERICAL-MINQUE-ELASTICNET,0.0115,0.9951,15.94,69,100
0.2,hyperbola,500,0.8,NUMERICAL-MINQUE-LASSO,0.0047,0.9949,15.72,47,100
0.2,hyperbola,500,0.8,BLUP,0.0046,0.9956,0.30,100,100
0.2,hyperbola,500,0.8,CLOSEFORM-MINQUE0,0.0022,65.3602,9.05,100,100
0.2,hyperbola,500,0.8,CLOSEFORM-MINQUE1,0.0013,82.0387,9.04,100,100
0.2,hyperbola,500,1,CLOSEFORM-MINQUE0-RIDGE,0.0031,1.0024,9.29,100,100
0.2,hyperbola,500,1,GMM,0.0000,0.0000,4.44,0,100
0.2,hyperbola,500,1,NUMERICAL-MINQUE-RIDGE,-0.0014,1.0216,14.84,100,100
0.2,hyperbola,500,1,CLOSEFORM-MINQUE1-RIDGE,0.0064,1.0015,8.31,100,100
0.2,hyperbola,500,1,GMM-0,0.0027,0.9957,4.31,100,100
0.2,hyperbola,500,1,NUMERICAL-MINQUE-ELASTICNET,-0.0002,0.9951,13.14,71,100
0.2,hyperbola,500,1,NUMERICAL-MINQUE-LASSO,0.0065,0.9950,13.11,51,100
0.2,hyperbola,500,1,BLUP,-0.0015,0.9966,0.30,100,100
0.2,hyperbola,500,1,CLOSEFORM-MINQUE0,0.0035,167.0007,8.21,100,100
0.2,hyperbola,500,1,CLOSEFORM-MINQUE1,-0.0086,268.3785,8.15,100,100
0.2,linear,1000,0.2,CLOSEFORM-MINQUE0-RIDGE,0.2194,0.9476,8.84,100,100
0.2,linear,1000,0.2,GMM,0.2179,0.9671,4.52,1,100
0.2,linear,1000,0.2,NUMERICAL-MINQUE-RIDGE,0.2090,0.9844,15.37,100,100
0.2,linear,1000,0.2,CLOSEFORM-MINQUE1-RIDGE,0.2190,0.9481,8.60,100,100
0.2,linear,1000,0.2,GMM-0,0.2182,0.9641,4.41,100,100
0.2,linear,1000,0.2,NUMERICAL-MINQUE-ELASTICNET,0.2164,0.9723,12.93,100,100
0.2,linear,1000,0.2,NUMERICAL-MINQUE-LASSO,0.2080,0.9785,12.96,100,100
0.2,linear,1000,0.2,BLUP,0.1320,0.9795,0.30,100,100
0.2,linear,1000,0.2,CLOSEFORM-MINQUE0,0.0578,8.6345,8.50,100,100
0.2,linear,1000,0.2,CLOSEFORM-MINQUE1,0.0732,717.8986,8.45,100,100
0.2,linear,1000,0.4,CLOSEFORM-MINQUE0-RIDGE,0.1589,0.9727,10.00,100,100
0.2,linear,1000,0.4,GMM,0.0000,0.0000,4.56,0,100
0.2,linear,1000,0.4,NUMERICAL-MINQUE-RIDGE,0.1554,0.9973,15.54,100,100
0.2,linear,1000,0.4,CLOSEFORM-MINQUE1-RIDGE,0.1605,0.9715,8.81,100,100
0.2,linear,1000,0.4,GMM-0,0.1585,0.9778,4.45,100,100
0.2,linear,1000,0.4,NUMERICAL-MINQUE-ELASTICNET,0.1437,0.9847,13.29,100,100
0.2,linear,1000,0.4,NUMERICAL-MINQUE-LASSO,0.1332,0.9894,13.25,94,100
0.2,linear,1000,0.4,BLUP,0.1219,0.9831,0.31,100,100
0.2,linear,1000,0.4,CLOSEFORM-MINQUE0,0.0550,16.0693,8.68,100,100
0.2,linear,1000,0.4,CLOSEFORM-MINQUE1,0.0514,8.2200,8.75,100,100
0.2,linear,1000,0.6,CLOSEFORM-MINQUE0-RIDGE,0.1359,0.9795,11.26,100,100
0.2,linear,1000,0.6,GMM,0.0000,0.0000,5.08,0,100
0.2,linear,1000,0.6,NUMERICAL-MINQUE-RIDGE,0.1305,1.0054,17.00,100,100
0.2,linear,1000,0.6,CLOSEFORM-MINQUE1-RIDGE,0.1342,0.9794,9.64,100,100
0.2,linear,1000,0.6,GMM-0,0.1328,0.9822,5.00,100,100
0.2,linear,1000,0.6,NUMERICAL-MINQUE-ELASTICNET,0.1080,0.9887,14.28,100,100
0.2,linear,1000,0.6,NUMERICAL-MINQUE-LASSO,0.0950,0.9918,14.25,92,100
0.2,linear,1000,0.6,BLUP,0.1237,0.9819,0.38,100,100
0.2,linear,1000,0.6,CLOSEFORM-MINQUE0,0.0426,7.5181,9.37,100,100
0.2,linear,1000,0.6,CLOSEFORM-MINQUE1,0.0502,43.4209,9.44,100,100
0.2,linear,1000,0.8,CLOSEFORM-MINQUE0-RIDGE,0.1022,0.9907,19.29,100,100
0.2,linear,1000,0.8,GMM,0.0000,0.0000,12.21,0,100
0.2,linear,1000,0.8,NUMERICAL-MINQUE-RIDGE,0.0991,1.0126,42.22,100,100
0.2,linear,1000,0.8,CLOSEFORM-MINQUE1-RIDGE,0.1038,0.9886,19.40,100,100
0.2,linear,1000,0.8,GMM-0,0.0985,0.9869,12.08,100,100
0.2,linear,1000,0.8,NUMERICAL-MINQUE-ELASTICNET,0.0709,0.9916,34.95,99,100
0.2,linear,1000,0.8,NUMERICAL-MINQUE-LASSO,0.0520,0.9937,34.52,84,100
0.2,linear,1000,0.8,BLUP,0.1220,0.9825,0.51,100,100
0.2,linear,1000,0.8,CLOSEFORM-MINQUE0,0.0410,45396.4917,19.07,100,100
0.2,linear,1000,0.8,CLOSEFORM-MINQUE1,0.0400,1.7113,19.46,100,100
0.2,linear,1000,1,CLOSEFORM-MINQUE0-RIDGE,0.1037,0.9887,10.73,100,100
0.2,linear,1000,1,GMM,0.0000,0.0000,5.03,0,100
0.2,linear,1000,1,NUMERICAL-MINQUE-RIDGE,0.0992,1.0060,16.91,100,100
0.2,linear,1000,1,CLOSEFORM-MINQUE1-RIDGE,0.1069,0.9868,9.31,100,100
0.2,linear,1000,1,GMM-0,0.1018,0.9874,4.94,100,100
0.2,linear,1000,1,NUMERICAL-MINQUE-ELASTICNET,0.0803,0.9922,14.43,96,100
0.2,linear,1000,1,NUMERICAL-MINQUE-LASSO,0.0660,0.9941,14.34,81,100
0.2,linear,1000,1,BLUP,0.1283,0.9815,0.37,100,100
0.2,linear,1000,1,CLOSEFORM-MINQUE0,0.0393,1.3190,9.19,100,100
0.2,linear,1000,1,CLOSEFORM-MINQUE1,0.0448,7.1715,9.21,100,100
0.2,linear,100,0.2,CLOSEFORM-MINQUE0-RIDGE,0.3350,0.8843,10.63,100,100
0.2,linear,100,0.2,GMM,0.3111,0.9248,4.94,78,100
0.2,linear,100,0.2,NUMERICAL-MINQUE-RIDGE,0.3381,0.8921,16.41,100,100
0.2,linear,100,0.2,CLOSEFORM-MINQUE1-RIDGE,0.3300,0.8874,8.95,100,100
0.2,linear,100,0.2,GMM-0,0.3393,0.8964,4.82,100,100
0.2,linear,100,0.2,NUMERICAL-MINQUE-ELASTICNET,0.3392,0.8992,15.41,100,100
0.2,linear,100,0.2,NUMERICAL-MINQUE-LASSO,0.3344,0.9058,15.18,100,100
0.2,linear,100,0.2,BLUP,0.2578,0.9303,0.34,100,100
0.2,linear,100,0.2,CLOSEFORM-MINQUE0,0.0450,180.1348,8.82,100,100
0.2,linear,100,0.2,CLOSEFORM-MINQUE1,0.0901,2107.5800,8.75,100,100
0.2,linear,100,0.4,CLOSEFORM-MINQUE0-RIDGE,0.3056,0.9043,9.99,100,100
0.2,linear,100,0.4,GMM,0.2605,0.9426,4.45,45,100
0.2,linear,100,0.4,NUMERICAL-MINQUE-RIDGE,0.3101,0.9101,14.99,100,100
0.2,linear,100,0.4,CLOSEFORM-MINQUE1-RIDGE,0.3001,0.9065,8.48,100,100
0.2,linear,100,0.4,GMM-0,0.3071,0.9161,4.31,100,100
0.2,linear,100,0.4,NUMERICAL-MINQUE-ELASTICNET,0.2975,0.9241,14.04,100,100
0.2,linear,100,0.4,NUMERICAL-MINQUE-LASSO,0.2884,0.9311,13.96,100,100
0.2,linear,100,0.4,BLUP,0.2752,0.9208,0.28,100,100
0.2,linear,100,0.4,CLOSEFORM-MINQUE0,0.0670,46.4416,8.32,100,100
0.2,linear,100,0.4,CLOSEFORM-MINQUE1,0.0804,258.7676,8.24,100,100
0.2,linear,100,0.6,CLOSEFORM-MINQUE0-RIDGE,0.2795,0.9185,12.06,100,100
0.2,linear,100,0.6,GMM,0.1749,0.9693,6.04,14,100
0.2,linear,100,0.6,NUMERICAL-MINQUE-RIDGE,0.2817,0.9243,20.67,100,100
0.2,linear,100,0.6,CLOSEFORM-MINQUE1-RIDGE,0.2752,0.9205,10.29,100,100
0.2,linear,100,0.6,GMM-0,0.2769,0.9336,5.81,100,100
0.2,linear,100,0.6,NUMERICAL-MINQUE-ELASTICNET,0.2593,0.9445,19.26,100,100
0.2,linear,100,0.6,NUMERICAL-MINQUE-LASSO,0.2386,0.9550,19.31,100,100
0.2,linear,100,0.6,BLUP,0.2774,0.9192,0.38,100,100
0.2,linear,100,0.6,CLOSEFORM-MINQUE0,0.0564,1309.7630,9.95,100,100
0.2,linear,100,0.6,CLOSEFORM-MINQUE1,0.0708,25.4071,9.90,100,100
0.2,linear,100,0.8,CLOSEFORM-MINQUE0-RIDGE,0.2470,0.9371,9.91,100,100
0.2,linear,100,0.8,GMM,0.2019,0.9652,5.89,8,100
0.2,linear,100,0.8,NUMERICAL-MINQUE-RIDGE,0.2503,0.9393,21.04,100,100
0.2,linear,100,0.8,CLOSEFORM-MINQUE1-RIDGE,0.2389,0.9407,9.49,100,100
0.2,linear,100,0.8,GMM-0,0.2475,0.9438,5.72,100,100
0.2,linear,100,0.8,NUMERICAL-MINQUE-ELASTICNET,0.2251,0.9551,19.73,100,100
0.2,linear,100,0.8,NUMERICAL-MINQUE-LASSO,0.2019,0.9642,19.47,100,100
0.2,linear,100,0.8,BLUP,0.2621,0.9283,0.29,100,100
0.2,linear,100,0.8,CLOSEFORM-MINQUE0,0.0453,95.1289,9.36,100,100
0.2,linear,100,0.8,CLOSEFORM-MINQUE1,0.0749,158.8053,9.37,100,100
0.2,linear,100,1,CLOSEFORM-MINQUE0-RIDGE,0.2385,0.9397,9.62,100,100
0.2,linear,100,1,GMM,0.2448,0.9589,4.66,9,100
0.2,linear,100,1,NUMERICAL-MINQUE-RIDGE,0.2395,0.9426,16.11,100,100
0.2,linear,100,1,CLOSEFORM-MINQUE1-RIDGE,0.2412,0.9378,8.52,100,100
0.2,linear,100,1,GMM-0,0.2372,0.9469,4.55,100,100
0.2,linear,100,1,NUMERICAL-MINQUE-ELASTICNET,0.2092,0.9584,15.32,100,100
0.2,linear,100,1,NUMERICAL-MINQUE-LASSO,0.1868,0.9675,15.00,100,100
0.2,linear,100,1,BLUP,0.2772,0.9188,0.29,100,100
0.2,linear,100,1,CLOSEFORM-MINQUE0,0.0392,2659.0236,8.38,100,100
0.2,linear,100,1,CLOSEFORM-MINQUE1,0.0853,248.3484,8.32,100,100
0.2,linear,20,0.2,CLOSEFORM-MINQUE0-RIDGE,0.3654,0.8651,10.20,100,100
0.2,linear,20,0.2,GMM,0.3693,0.8697,4.99,93,100
0.2,linear,20,0.2,NUMERICAL-MINQUE-RIDGE,0.3819,0.8582,16.16,100,100
0.2,linear,20,0.2,CLOSEFORM-MINQUE1-RIDGE,0.3691,0.8638,8.82,100,100
0.2,linear,20,0.2,GMM-0,0.3800,0.8612,4.86,100,100
0.2,linear,20,0.2,NUMERICAL-MINQUE-ELASTICNET,0.3793,0.8634,15.54,100,100
0.2,linear,20,0.2,NUMERICAL-MINQUE-LASSO,0.3772,0.8659,15.35,100,100
0.2,linear,20,0.2,BLUP,0.3443,0.8773,0.37,100,100
0.2,linear,20,0.2,CLOSEFORM-MINQUE0,0.0600,5061.5702,8.64,100,100
0.2,linear,20,0.2,CLOSEFORM-MINQUE1,0.0567,113.2093,8.75,100,100
0.2,linear,20,0.4,CLOSEFORM-MINQUE0-RIDGE,0.3547,0.8729,9.93,100,100
0.2,linear,20,0.4,GMM,0.3275,0.8991,4.84,92,100
0.2,linear,20,0.4,NUMERICAL-MINQUE-RIDGE,0.3693,0.8681,16.04,100,100
0.2,linear,20,0.4,CLOSEFORM-MINQUE1-RIDGE,0.3583,0.8712,8.60,100,100
0.2,linear,20,0.4,GMM-0,0.3677,0.8714,4.69,100,100
0.2,linear,20,0.4,NUMERICAL-MINQUE-ELASTICNET,0.3606,0.8779,15.29,100,100
0.2,linear,20,0.4,NUMERICAL-MINQUE-LASSO,0.3550,0.8832,15.12,100,100
0.2,linear,20,0.4,BLUP,0.3620,0.8649,0.37,100,100
0.2,linear,20,0.4,CLOSEFORM-MINQUE0,0.0452,350.0292,8.39,100,100
0.2,linear,20,0.4,CLOSEFORM-MINQUE1,0.0614,419.4070,8.47,100,100
0.2,linear,20,0.6,CLOSEFORM-MINQUE0-RIDGE,0.3365,0.8854,15.92,100,100
0.2,linear,20,0.6,GMM,0.2849,0.9268,8.76,86,100
0.2,linear,20,0.6,NUMERICAL-MINQUE-RIDGE,0.3492,0.8820,30.06,100,100
0.2,linear,20,0.6,CLOSEFORM-MINQUE1-RIDGE,0.3314,0.8894,13.90,100,100
0.2,linear,20,0.6,GMM-0,0.3482,0.8850,8.57,100,100
0.2,linear,20,0.6,NUMERICAL-MINQUE-ELASTICNET,0.3364,0.8937,27.93,100,100
0.2,linear,20,0.6,NUMERICAL-MINQUE-LASSO,0.3270,0.9011,27.69,100,100
0.2,linear,20,0.6,BLUP,0.3579,0.8682,0.33,100,100
0.2,linear,20,0.6,CLOSEFORM-MINQUE0,0.0578,2885.0103,13.68,100,100
0.2,linear,20,0.6,CLOSEFORM-MINQUE1,0.0682,425.2827,13.76,100,100
0.2,linear,20,0.8,CLOSEFORM-MINQUE0-RIDGE,0.3349,0.8865,10.02,100,100
0.2,linear,20,0.8,GMM,0.2524,0.9392,4.94,79,100
0.2,linear,20,0.8,NUMERICAL-MINQUE-RIDGE,0.3432,0.8872,17.14,100,100
0.2,linear,20,0.8,CLOSEFORM-MINQUE1-RIDGE,0.3285,0.8921,8.65,100,100
0.2,linear,20,0.8,GMM-0,0.3411,0.8907,4.82,100,100
0.2,linear,20,0.8,NUMERICAL-MINQUE-ELASTICNET,0.3251,0.9013,16.48,100,100
0.2,linear,20,0.8,NUMERICAL-MINQUE-LASSO,0.3143,0.9089,16.30,100,100
0.2,linear,20,0.8,BLUP,0.3681,0.8615,0.34,100,100
0.2,linear,20,0.8,CLOSEFORM-MINQUE0,0.0591,66534.4699,8.51,100,100
0.2,linear,20,0.8,CLOSEFORM-MINQUE1,0.0590,1530.7238,8.57,100,100
0.2,linear,20,1,CLOSEFORM-MINQUE0-RIDGE,0.3183,0.8986,9.45,100,100
0.2,linear,20,1,GMM,0.2435,0.9418,4.75,72,100
0.2,linear,20,1,NUMERICAL-MINQUE-RIDGE,0.3341,0.8918,16.40,100,100
0.2,linear,20,1,CLOSEFORM-MINQUE1-RIDGE,0.3103,0.9034,8.28,100,100
0.2,linear,20,1,GMM-0,0.3324,0.8950,4.61,100,100
0.2,linear,20,1,NUMERICAL-MINQUE-ELASTICNET,0.3157,0.9060,15.82,100,100
0.2,linear,20,1,NUMERICAL-MINQUE-LASSO,0.3029,0.9149,15.61,100,100
0.2,linear,20,1,BLUP,0.3672,0.8615,0.35,100,100
0.2,linear,20,1,CLOSEFORM-MINQUE0,0.0592,44.5968,8.32,100,100
0.2,linear,20,1,CLOSEFORM-MINQUE1,0.0798,60.3260,8.22,100,100
0.2,linear,500,0.2,CLOSEFORM-MINQUE0-RIDGE,0.2529,0.9324,9.81,100,100
0.2,linear,500,0.2,GMM,0.2512,0.9476,4.42,5,100
0.2,linear,500,0.2,NUMERICAL-MINQUE-RIDGE,0.2343,0.9942,14.68,100,100
0.2,linear,500,0.2,CLOSEFORM-MINQUE1-RIDGE,0.2544,0.9307,8.44,100,100
0.2,linear,500,0.2,GMM-0,0.2484,0.9496,4.29,100,100
0.2,linear,500,0.2,NUMERICAL-MINQUE-ELASTICNET,0.2470,0.9563,12.88,100,100
0.2,linear,500,0.2,NUMERICAL-MINQUE-LASSO,0.2386,0.9629,12.79,99,100
0.2,linear,500,0.2,BLUP,0.1626,0.9701,0.28,100,100
0.2,linear,500,0.2,CLOSEFORM-MINQUE0,0.0523,44.2933,8.40,100,100
0.2,linear,500,0.2,CLOSEFORM-MINQUE1,0.0848,77.1707,8.27,100,100
0.2,linear,500,0.4,CLOSEFORM-MINQUE0-RIDGE,0.2109,0.9534,10.82,100,100
0.2,linear,500,0.4,GMM,0.0000,0.0000,4.95,0,100
0.2,linear,500,0.4,NUMERICAL-MINQUE-RIDGE,0.1987,1.0100,16.42,100,100
0.2,linear,500,0.4,CLOSEFORM-MINQUE1-RIDGE,0.2147,0.9504,9.23,100,100
0.2,linear,500,0.4,GMM-0,0.2080,0.9654,4.88,100,100
0.2,linear,500,0.4,NUMERICAL-MINQUE-ELASTICNET,0.1942,0.9751,14.12,100,100
0.2,linear,500,0.4,NUMERICAL-MINQUE-LASSO,0.1760,0.9810,14.03,95,100
0.2,linear,500,0.4,BLUP,0.1723,0.9672,0.36,100,100
0.2,linear,500,0.4,CLOSEFORM-MINQUE0,0.0590,43.6429,9.19,100,100
0.2,linear,500,0.4,CLOSEFORM-MINQUE1,0.0730,26.5269,9.10,100,100
0.2,linear,500,0.6,CLOSEFORM-MINQUE0-RIDGE,0.1783,0.9659,10.80,100,100
0.2,linear,500,0.6,GMM,0.0000,0.0000,5.44,0,100
0.2,linear,500,0.6,NUMERICAL-MINQUE-RIDGE,0.1706,1.0126,19.12,100,100
0.2,linear,500,0.6,CLOSEFORM-MINQUE1-RIDGE,0.1704,0.9681,9.47,100,100
0.2,linear,500,0.6,GMM-0,0.1739,0.9735,5.35,100,100
0.2,linear,500,0.6,NUMERICAL-MINQUE-ELASTICNET,0.1518,0.9820,16.31,100,100
0.2,linear,500,0.6,NUMERICAL-MINQUE-LASSO,0.1280,0.9871,16.22,97,100
0.2,linear,500,0.6,BLUP,0.1727,0.9674,0.33,100,100
0.2,linear,500,0.6,CLOSEFORM-MINQUE0,0.0477,18.4249,9.30,100,100
0.2,linear,500,0.6,CLOSEFORM-MINQUE1,0.0627,2.5621,9.23,100,100
0.2,linear,500,0.8,CLOSEFORM-MINQUE0-RIDGE,0.1479,0.9777,10.59,100,100
0.2,linear,500,0.8,GMM,0.0000,0.0000,4.99,0,100
0.2,linear,500,0.8,NUMERICAL-MINQUE-RIDGE,0.1430,1.0201,16.65,100,100
0.2,linear,500,0.8,CLOSEFORM-MINQUE1-RIDGE,0.1511,0.9754,8.95,100,100
0.2,linear,500,0.8,GMM-0,0.1433,0.9800,4.91,100,100
0.2,linear,500,0.8,NUMERICAL-MINQUE-ELASTICNET,0.1135,0.9878,14.50,100,100
0.2,linear,500,0.8,NUMERICAL-MINQUE-LASSO,0.0953,0.9911,14.45,95,100
0.2,linear,500,0.8,BLUP,0.1591,0.9718,0.36,100,100
0.2,linear,500,0.8,CLOSEFORM-MINQUE0,0.0431,17.0604,8.87,100,100
0.2,linear,500,0.8,CLOSEFORM-MINQUE1,0.0529,7.6889,8.84,100,100
0.2,linear,500,1,CLOSEFORM-MINQUE0-RIDGE,0.1432,0.9790,10.06,100,100
0.2,linear,500,1,GMM,0.0000,0.0000,4.79,0,100
0.2,linear,500,1,NUMERICAL-MINQUE-RIDGE,0.1357,1.0270,15.90,100,100
0.2,linear,500,1,CLOSEFORM-MINQUE1-RIDGE,0.1420,0.9774,8.86,100,100
0.2,linear,500,1,GMM-0,0.1435,0.9795,4.69,100,100
0.2,linear,500,1,NUMERICAL-MINQUE-ELASTICNET,0.1130,0.9875,13.95,100,100
0.2,linear,500,1,NUMERICAL-MINQUE-LASSO,0.0922,0.9910,13.88,92,100
0.2,linear,500,1,BLUP,0.1740,0.9674,0.35,100,100
0.2,linear,500,1,CLOSEFORM-MINQUE0,0.0487,7.6724,8.84,100,100
0.2,linear,500,1,CLOSEFORM-MINQUE1,0.0617,461036.9441,8.79,100,100
0.2,rickercurve,1000,0.2,CLOSEFORM-MINQUE0-RIDGE,-0.0038,1.0034,10.73,100,100
0.2,rickercurve,1000,0.2,GMM,0.0000,0.0000,4.94,0,100
0.2,rickercurve,1000,0.2,NUMERICAL-MINQUE-RIDGE,-0.0016,1.0186,16.72,100,100
0.2,rickercurve,1000,0.2,CLOSEFORM-MINQUE1-RIDGE,-0.0037,1.0037,9.27,100,100
0.2,rickercurve,1000,0.2,GMM-0,-0.0051,0.9960,4.83,100,100
0.2,rickercurve,1000,0.2,NUMERICAL-MINQUE-ELASTICNET,0.0036,0.9950,13.88,56,100
0.2,rickercurve,1000,0.2,NUMERICAL-MINQUE-LASSO,-0.0080,0.9949,13.85,36,100
0.2,rickercurve,1000,0.2,BLUP,-0.0009,0.9964,0.37,100,100
0.2,rickercurve,1000,0.2,CLOSEFORM-MINQUE0,0.0049,24.2313,9.13,100,100
0.2,rickercurve,1000,0.2,CLOSEFORM-MINQUE1,0.0023,78.1261,9.17,100,100
0.2,rickercurve,1000,0.4,CLOSEFORM-MINQUE0-RIDGE,-0.0089,1.0059,10.00,100,100
0.2,rickercurve,1000,0.4,GMM,0.0000,0.0000,4.64,0,100
0.2,rickercurve,1000,0.4,NUMERICAL-MINQUE-RIDGE,-0.0103,1.0235,15.82,100,100
0.2,rickercurve,1000,0.4,CLOSEFORM-MINQUE1-RIDGE,-0.0159,1.0069,8.95,100,100
0.2,rickercurve,1000,0.4,GMM-0,-0.0087,0.9965,4.57,100,100
0.2,rickercurve,1000,0.4,NUMERICAL-MINQUE-ELASTICNET,-0.0102,0.9955,13.39,68,100
0.2,rickercurve,1000,0.4,NUMERICAL-MINQUE-LASSO,-0.0087,0.9953,13.38,43,100
0.2,rickercurve,1000,0.4,BLUP,-0.0072,0.9968,0.35,100,100
0.2,rickercurve,1000,0.4,CLOSEFORM-MINQUE0,0.0036,1739.4680,8.79,100,100
0.2,rickercurve,1000,0.4,CLOSEFORM-MINQUE1,0.0057,27.3552,8.74,100,100
0.2,rickercurve,1000,0.6,CLOSEFORM-MINQUE0-RIDGE,0.0006,1.0039,9.59,100,100
0.2,rickercurve,1000,0.6,GMM,0.0000,0.0000,4.84,0,100
0.2,rickercurve,1000,0.6,NUMERICAL-MINQUE-RIDGE,-0.0016,1.0169,16.73,100,100
0.2,rickercurve,1000,0.6,CLOSEFORM-MINQUE1-RIDGE,-0.0003,1.0042,9.07,100,100
0.2,rickercurve,1000,0.6,GMM-0,-0.0002,0.9960,4.73,100,100
0.2,rickercurve,1000,0.6,NUMERICAL-MINQUE-ELASTICNET,0.0005,0.9951,14.00,65,100
0.2,rickercurve,1000,0.6,NUMERICAL-MINQUE-LASSO,0.0088,0.9949,14.06,50,100
0.2,rickercurve,1000,0.6,BLUP,0.0000,0.9962,0.34,100,100
0.2,rickercurve,1000,0.6,CLOSEFORM-MINQUE0,0.0036,86.3401,8.90,100,100
0.2,rickercurve,1000,0.6,CLOSEFORM-MINQUE1,-0.0025,53.1955,8.98,100,100
0.2,rickercurve,1000,0.8,CLOSEFORM-MINQUE0-RIDGE,0.0151,0.9999,10.67,100,100
0.2,rickercurve,1000,0.8,GMM,0.0000,0.0000,4.80,0,100
0.2,rickercurve,1000,0.8,NUMERICAL-MINQUE-RIDGE,0.0155,1.0064,16.84,100,100
0.2,rickercurve,1000,0.8,CLOSEFORM-MINQUE1-RIDGE,0.0193,0.9989,9.03,100,100
0.2,rickercurve,1000,0.8,GMM-0,0.0150,0.9948,4.70,100,100
0.2,rickercurve,1000,0.8,NUMERICAL-MINQUE-ELASTICNET,0.0171,0.9947,14.07,65,100
0.2,rickercurve,1000,0.8,NUMERICAL-MINQUE-LASSO,0.0047,0.9949,14.04,44,100
0.2,rickercurve,1000,0.8,BLUP,0.0204,0.9951,0.33,100,100
0.2,rickercurve,1000,0.8,CLOSEFORM-MINQUE0,0.0021,1.6517,9.00,100,100
0.2,rickercurve,1000,0.8,CLOSEFORM-MINQUE1,0.0130,27.7111,8.99,100,100
0.2,rickercurve,1000,1,CLOSEFORM-MINQUE0-RIDGE,-0.0132,1.0051,10.20,100,100
0.2,rickercurve,1000,1,GMM,0.0000,0.0000,4.98,0,100
0.2,rickercurve,1000,1,NUMERICAL-MINQUE-RIDGE,-0.0146,1.0178,16.87,100,100
0.2,rickercurve,1000,1,CLOSEFORM-MINQUE1-RIDGE,-0.0076,1.0035,9.26,100,100
0.2,rickercurve,1000,1,GMM-0,-0.0116,0.9963,4.92,100,100
0.2,rickercurve,1000,1,NUMERICAL-MINQUE-ELASTICNET,-0.0085,0.9952,14.13,64,100
0.2,rickercurve,1000,1,NUMERICAL-MINQUE-LASSO,-0.0067,0.9950,14.14,42,100
0.2,rickercurve,1000,1,BLUP,-0.0051,0.9958,0.37,100,100
0.2,rickercurve,1000,1,CLOSEFORM-MINQUE0,-0.0101,10.8428,9.31,100,100
0.2,rickercurve,1000,1,CLOSEFORM-MINQUE1,-0.0079,9437588.3729,9.20,100,100
0.2,rickercurve,100,0.2,CLOSEFORM-MINQUE0-RIDGE,0.0390,1.0024,9.40,100,100
0.2,rickercurve,100,0.2,GMM,0.0000,0.0000,4.75,0,100
0.2,rickercurve,100,0.2,NUMERICAL-MINQUE-RIDGE,0.0284,0.9952,16.41,100,100
0.2,rickercurve,100,0.2,CLOSEFORM-MINQUE1-RIDGE,0.0386,1.0075,8.66,100,100
0.2,rickercurve,100,0.2,GMM-0,0.0132,0.9954,4.60,100,100
0.2,rickercurve,100,0.2,NUMERICAL-MINQUE-ELASTICNET,0.0168,0.9941,15.41,88,100
0.2,rickercurve,100,0.2,NUMERICAL-MINQUE-LASSO,0.0118,0.9943,15.20,72,100
0.2,rickercurve,100,0.2,BLUP,0.0155,0.9958,0.30,100,100
0.2,rickercurve,100,0.2,CLOSEFORM-MINQUE0,0.0070,421.0154,8.50,100,100
0.2,rickercurve,100,0.2,CLOSEFORM-MINQUE1,0.0029,344.8611,8.40,100,100
0.2,rickercurve,100,0.4,CLOSEFORM-MINQUE0-RIDGE,0.0302,1.0033,9.52,100,100
0.2,rickercurve,100,0.4,GMM,0.0000,0.0000,4.54,0,100
0.2,rickercurve,100,0.4,NUMERICAL-MINQUE-RIDGE,0.0221,0.9951,15.49,100,100
0.2,rickercurve,100,0.4,CLOSEFORM-MINQUE1-RIDGE,0.0266,1.0104,8.49,100,100
0.2,rickercurve,100,0.4,GMM-0,0.0071,0.9953,4.43,100,100
0.2,rickercurve,100,0.4,NUMERICAL-MINQUE-ELASTICNET,0.0189,0.9947,14.71,94,100
0.2,rickercurve,100,0.4,NUMERICAL-MINQUE-LASSO,0.0111,0.9949,14.54,78,100
0.2,rickercurve,100,0.4,BLUP,0.0072,0.9955,0.29,100,100
0.2,rickercurve,100,0.4,CLOSEFORM-MINQUE0,0.0076,269.0224,8.31,100,100
0.2,rickercurve,100,0.4,CLOSEFORM-MINQUE1,0.0047,38.0231,8.25,100,100
0.2,rickercurve,100,0.6,CLOSEFORM-MINQUE0-RIDGE,0.0036,1.0085,9.78,100,100
0.2,rickercurve,100,0.6,GMM,0.0000,0.0000,5.27,0,100
0.2,rickercurve,100,0.6,NUMERICAL-MINQUE-RIDGE,-0.0022,0.9966,17.79,100,100
0.2,rickercurve,100,0.6,CLOSEFORM-MINQUE1-RIDGE,0.0076,1.0152,9.33,100,100
0.2,rickercurve,100,0.6,GMM-0,-0.0073,0.9966,5.21,100,100
0.2,rickercurve,100,0.6,NUMERICAL-MINQUE-ELASTICNET,-0.0067,0.9955,16.66,91,100
0.2,rickercurve,100,0.6,NUMERICAL-MINQUE-LASSO,-0.0103,0.9952,16.47,78,100
0.2,rickercurve,100,0.6,BLUP,-0.0022,0.9964,0.35,100,100
0.2,rickercurve,100,0.6,CLOSEFORM-MINQUE0,-0.0034,3065.1484,9.12,100,100
0.2,rickercurve,100,0.6,CLOSEFORM-MINQUE1,0.0046,71.2099,9.09,100,100
0.2,rickercurve,100,0.8,CLOSEFORM-MINQUE0-RIDGE,0.0266,1.0037,8.85,100,100
0.2,rickercurve,100,0.8,GMM,0.0000,0.0000,4.76,0,100
0.2,rickercurve,100,0.8,NUMERICAL-MINQUE-RIDGE,0.0163,0.9954,16.11,100,100
0.2,rickercurve,100,0.8,CLOSEFORM-MINQUE1-RIDGE,0.0262,1.0099,8.38,100,100
0.2,rickercurve,100,0.8,GMM-0,0.0028,0.9957,4.59,100,100
0.2,rickercurve,100,0.8,NUMERICAL-MINQUE-ELASTICNET,0.0174,0.9949,15.49,94,100
0.2,rickercurve,100,0.8,NUMERICAL-MINQUE-LASSO,0.0212,0.9948,15.10,82,100
0.2,rickercurve,100,0.8,BLUP,0.0139,0.9957,0.30,100,100
0.2,rickercurve,100,0.8,CLOSEFORM-MINQUE0,-0.0059,12140.0922,8.21,100,100
0.2,rickercurve,100,0.8,CLOSEFORM-MINQUE1,-0.0020,33.3217,8.21,100,100
0.2,rickercurve,100,1,CLOSEFORM-MINQUE0-RIDGE,0.0133,1.0062,9.40,100,100
0.2,rickercurve,100,1,GMM,0.0000,0.0000,4.74,0,100
0.2,rickercurve,100,1,NUMERICAL-MINQUE-RIDGE,0.0066,0.9962,16.28,100,100
0.2,rickercurve,100,1,CLOSEFORM-MINQUE1-RIDGE,0.0194,1.0110,8.68,100,100
0.2,rickercurve,100,1,GMM-0,-0.0049,0.9961,4.60,100,100
0.2,rickercurve,100,1,NUMERICAL-MINQUE-ELASTICNET,0.0067,0.9955,15.27,96,100
0.2,rickercurve,100,1,NUMERICAL-MINQUE-LASSO,0.0028,0.9954,15.15,73,100
0.2,rickercurve,100,1,BLUP,-0.0021,0.9961,0.31,100,100
0.2,rickercurve,100,1,CLOSEFORM-MINQUE0,0.0155,1594.3333,8.44,100,100
0.2,rickercurve,100,1,CLOSEFORM-MINQUE1,-0.0006,99.6411,8.36,100,100
0.2,rickercurve,20,0.2,CLOSEFORM-MINQUE0-RIDGE,0.0923,1.0002,10.80,100,100
0.2,rickercurve,20,0.2,GMM,0.2028,0.9461,5.23,4,100
0.2,rickercurve,20,0.2,NUMERICAL-MINQUE-RIDGE,0.0859,0.9843,17.33,100,100
0.2,rickercurve,20,0.2,CLOSEFORM-MINQUE1-RIDGE,0.0991,1.0054,9.16,100,100
0.2,rickercurve,20,0.2,GMM-0,0.0476,0.9907,5.12,100,100
0.2,rickercurve,20,0.2,NUMERICAL-MINQUE-ELASTICNET,0.0878,0.9852,16.46,96,100
0.2,rickercurve,20,0.2,NUMERICAL-MINQUE-LASSO,0.0962,0.9855,16.37,86,100
0.2,rickercurve,20,0.2,BLUP,0.0407,0.9930,0.38,100,100
0.2,rickercurve,20,0.2,CLOSEFORM-MINQUE0,0.0254,6720.3293,9.08,100,100
0.2,rickercurve,20,0.2,CLOSEFORM-MINQUE1,0.0250,2354.9891,9.11,100,100
0.2,rickercurve,20,0.4,CLOSEFORM-MINQUE0-RIDGE,0.1312,0.9892,11.24,100,100
0.2,rickercurve,20,0.4,GMM,0.0000,0.0000,4.97,0,100
0.2,rickercurve,20,0.4,NUMERICAL-MINQUE-RIDGE,0.1123,0.9838,16.53,100,100
0.2,rickercurve,20,0.4,CLOSEFORM-MINQUE1-RIDGE,0.1259,0.9974,9.28,100,100
0.2,rickercurve,20,0.4,GMM-0,0.0331,0.9932,4.86,99,100
0.2,rickercurve,20,0.4,NUMERICAL-MINQUE-ELASTICNET,0.1115,0.9864,15.62,100,100
0.2,rickercurve,20,0.4,NUMERICAL-MINQUE-LASSO,0.1088,0.9881,15.50,97,100
0.2,rickercurve,20,0.4,BLUP,0.0376,0.9931,0.38,100,100
0.2,rickercurve,20,0.4,CLOSEFORM-MINQUE0,0.0144,143400.2650,9.24,100,100
0.2,rickercurve,20,0.4,CLOSEFORM-MINQUE1,-0.0003,1613.8348,9.18,100,100
0.2,rickercurve,20,0.6,CLOSEFORM-MINQUE0-RIDGE,0.1313,0.9909,9.86,100,100
0.2,rickercurve,20,0.6,GMM,0.0000,0.0000,4.69,0,100
0.2,rickercurve,20,0.6,NUMERICAL-MINQUE-RIDGE,0.1086,0.9862,16.13,100,100
0.2,rickercurve,20,0.6,CLOSEFORM-MINQUE1-RIDGE,0.1218,0.9998,8.52,100,100
0.2,rickercurve,20,0.6,GMM-0,0.0231,0.9951,4.55,100,100
0.2,rickercurve,20,0.6,NUMERICAL-MINQUE-ELASTICNET,0.1025,0.9890,15.52,100,100
0.2,rickercurve,20,0.6,NUMERICAL-MINQUE-LASSO,0.0977,0.9904,15.34,99,100
0.2,rickercurve,20,0.6,BLUP,0.0277,0.9958,0.37,100,100
0.2,rickercurve,20,0.6,CLOSEFORM-MINQUE0,0.0162,214.5389,8.37,100,100
0.2,rickercurve,20,0.6,CLOSEFORM-MINQUE1,0.0055,28183.0281,8.36,100,100
0.2,rickercurve,20,0.8,CLOSEFORM-MINQUE0-RIDGE,0.0815,1.0089,10.71,100,100
0.2,rickercurve,20,0.8,GMM,0.0000,0.0000,5.03,0,100
0.2,rickercurve,20,0.8,NUMERICAL-MINQUE-RIDGE,0.0671,0.9916,16.88,100,100
0.2,rickercurve,20,0.8,CLOSEFORM-MINQUE1-RIDGE,0.0759,1.0167,8.87,100,100
0.2,rickercurve,20,0.8,GMM-0,0.0064,0.9961,4.87,100,100
0.2,rickercurve,20,0.8,NUMERICAL-MINQUE-ELASTICNET,0.0639,0.9926,16.34,100,100
0.2,rickercurve,20,0.8,NUMERICAL-MINQUE-LASSO,0.0606,0.9934,16.01,97,100
0.2,rickercurve,20,0.8,BLUP,0.0139,0.9959,0.37,100,100
0.2,rickercurve,20,0.8,CLOSEFORM-MINQUE0,0.0049,273.0410,8.75,100,100
0.2,rickercurve,20,0.8,CLOSEFORM-MINQUE1,0.0193,96.6120,8.71,100,100
0.2,rickercurve,20,1,CLOSEFORM-MINQUE0-RIDGE,0.0796,1.0094,10.54,100,100
0.2,rickercurve,20,1,GMM,0.0000,0.0000,5.17,0,100
0.2,rickercurve,20,1,NUMERICAL-MINQUE-RIDGE,0.0584,0.9919,17.28,100,100
0.2,rickercurve,20,1,CLOSEFORM-MINQUE1-RIDGE,0.0800,1.0159,8.99,100,100
0.2,rickercurve,20,1,GMM-0,0.0133,0.9954,5.03,100,100
0.2,rickercurve,20,1,NUMERICAL-MINQUE-ELASTICNET,0.0468,0.9935,16.63,100,100
0.2,rickercurve,20,1,NUMERICAL-MINQUE-LASSO,0.0397,0.9941,16.49,97,100
0.2,rickercurve,20,1,BLUP,0.0170,0.9954,0.40,100,100
0.2,rickercurve,20,1,CLOSEFORM-MINQUE0,0.0067,21.2310,9.04,100,100
0.2,rickercurve,20,1,CLOSEFORM-MINQUE1,0.0040,358.3532,8.94,100,100
0.2,rickercurve,500,0.2,CLOSEFORM-MINQUE0-RIDGE,0.0062,1.0010,10.22,100,100
0.2,rickercurve,500,0.2,GMM,0.0000,0.0000,4.66,0,100
0.2,rickercurve,500,0.2,NUMERICAL-MINQUE-RIDGE,0.0120,1.0159,15.49,100,100
0.2,rickercurve,500,0.2,CLOSEFORM-MINQUE1-RIDGE,0.0117,1.0001,8.64,100,100
0.2,rickercurve,500,0.2,GMM-0,0.0043,0.9953,4.57,100,100
0.2,rickercurve,500,0.2,NUMERICAL-MINQUE-ELASTICNET,0.0109,0.9947,13.60,63,100
0.2,rickercurve,500,0.2,NUMERICAL-MINQUE-LASSO,0.0162,0.9950,13.47,45,100
0.2,rickercurve,500,0.2,BLUP,0.0052,0.9957,0.31,100,100
0.2,rickercurve,500,0.2,CLOSEFORM-MINQUE0,-0.0105,3433.7178,8.50,100,100
0.2,rickercurve,500,0.2,CLOSEFORM-MINQUE1,-0.0035,31.6664,8.53,100,100
0.2,rickercurve,500,0.4,CLOSEFORM-MINQUE0-RIDGE,0.0088,1.0020,10.44,100,100
0.2,rickercurve,500,0.4,GMM,0.0000,0.0000,4.99,0,100
0.2,rickercurve,500,0.4,NUMERICAL-MINQUE-RIDGE,0.0057,1.0228,17.16,100,100
0.2,rickercurve,500,0.4,CLOSEFORM-MINQUE1-RIDGE,0.0142,1.0019,9.02,100,100
0.2,rickercurve,500,0.4,GMM-0,0.0089,0.9954,4.89,100,100
0.2,rickercurve,500,0.4,NUMERICAL-MINQUE-ELASTICNET,0.0160,0.9951,14.93,74,100
0.2,rickercurve,500,0.4,NUMERICAL-MINQUE-LASSO,0.0200,0.9948,14.97,53,100
0.2,rickercurve,500,0.4,BLUP,0.0076,0.9962,0.33,100,100
0.2,rickercurve,500,0.4,CLOSEFORM-MINQUE0,-0.0027,33.9652,8.88,100,100
0.2,rickercurve,500,0.4,CLOSEFORM-MINQUE1,-0.0051,6355.4525,8.81,100,100
0.2,rickercurve,500,0.6,CLOSEFORM-MINQUE0-RIDGE,-0.0040,1.0046,8.93,100,100
0.2,rickercurve,500,0.6,GMM,0.0000,0.0000,4.59,0,100
0.2,rickercurve,500,0.6,NUMERICAL-MINQUE-RIDGE,-0.0062,1.0245,15.19,100,100
0.2,rickercurve,500,0.6,CLOSEFORM-MINQUE1-RIDGE,-0.0006,1.0044,8.57,100,100
0.2,rickercurve,500,0.6,GMM-0,-0.0053,0.9966,4.48,100,100
0.2,rickercurve,500,0.6,NUMERICAL-MINQUE-ELASTICNET,-0.0103,0.9957,13.56,69,100
0.2,rickercurve,500,0.6,NUMERICAL-MINQUE-LASSO,-0.0044,0.9954,13.48,46,100
0.2,rickercurve,500,0.6,BLUP,-0.0144,0.9982,0.30,100,100
0.2,rickercurve,500,0.6,CLOSEFORM-MINQUE0,0.0013,4.7048,8.49,100,100
0.2,rickercurve,500,0.6,CLOSEFORM-MINQUE1,0.0044,136.2920,8.42,100,100
0.2,rickercurve,500,0.8,CLOSEFORM-MINQUE0-RIDGE,-0.0044,1.0039,10.11,100,100
0.2,rickercurve,500,0.8,GMM,0.0000,0.0000,4.74,0,100
0.2,rickercurve,500,0.8,NUMERICAL-MINQUE-RIDGE,-0.0028,1.0202,16.32,100,100
0.2,rickercurve,500,0.8,CLOSEFORM-MINQUE1-RIDGE,0.0012,1.0025,8.76,100,100
0.2,rickercurve,500,0.8,GMM-0,-0.0053,0.9959,4.62,100,100
0.2,rickercurve,500,0.8,NUMERICAL-MINQUE-ELASTICNET,0.0026,0.9951,14.10,78,100
0.2,rickercurve,500,0.8,NUMERICAL-MINQUE-LASSO,0.0004,0.9950,14.07,55,100
0.2,rickercurve,500,0.8,BLUP,-0.0076,0.9965,0.31,100,100
0.2,rickercurve,500,0.8,CLOSEFORM-MINQUE0,0.0146,38.5328,8.59,100,100
0.2,rickercurve,500,0.8,CLOSEFORM-MINQUE1,0.0120,835.8838,8.50,100,100
0.2,rickercurve,500,1,CLOSEFORM-MINQUE0-RIDGE,0.0061,1.0024,10.53,100,100
0.2,rickercurve,500,1,GMM,0.0000,0.0000,4.79,0,100
0.2,rickercurve,500,1,NUMERICAL-MINQUE-RIDGE,0.0075,1.0136,15.86,100,100
0.2,rickercurve,500,1,CLOSEFORM-MINQUE1-RIDGE,0.0078,1.0020,8.72,100,100
0.2,rickercurve,500,1,GMM-0,0.0041,0.9956,4.66,100,100
0.2,rickercurve,500,1,NUMERICAL-MINQUE-ELASTICNET,0.0071,0.9950,14.13,75,100
0.2,rickercurve,500,1,NUMERICAL-MINQUE-LASSO,0.0090,0.9949,14.03,55,100
0.2,rickercurve,500,1,BLUP,0.0105,0.9957,0.33,100,100
0.2,rickercurve,500,1,CLOSEFORM-MINQUE0,0.0020,14.4755,8.64,100,100
0.2,rickercurve,500,1,CLOSEFORM-MINQUE1,0.0085,22.9464,8.63,100,100
0.2,square,1000,0.2,CLOSEFORM-MINQUE0-RIDGE,0.0040,1.0025,10.73,100,100
0.2,square,1000,0.2,GMM,0.0000,0.0000,4.48,0,100
0.2,square,1000,0.2,NUMERICAL-MINQUE-RIDGE,0.0046,1.0203,15.36,100,100
0.2,square,1000,0.2,CLOSEFORM-MINQUE1-RIDGE,0.0081,1.0018,8.81,100,100
0.2,square,1000,0.2,GMM-0,0.0043,0.9955,4.38,100,100
0.2,square,1000,0.2,NUMERICAL-MINQUE-ELASTICNET,-0.0033,0.9951,12.91,70,100
0.2,square,1000,0.2,NUMERICAL-MINQUE-LASSO,-0.0145,0.9951,12.89,45,100
0.2,square,1000,0.2,BLUP,0.0099,0.9961,0.31,100,100
0.2,square,1000,0.2,CLOSEFORM-MINQUE0,-0.0127,10.5019,8.65,100,100
0.2,square,1000,0.2,CLOSEFORM-MINQUE1,-0.0052,848.5240,8.72,100,100
0.2,square,1000,0.4,CLOSEFORM-MINQUE0-RIDGE,-0.0040,1.0038,10.01,100,100
0.2,square,1000,0.4,GMM,0.0000,0.0000,4.59,0,100
0.2,square,1000,0.4,NUMERICAL-MINQUE-RIDGE,-0.0034,1.0184,15.81,100,100
0.2,square,1000,0.4,CLOSEFORM-MINQUE1-RIDGE,-0.0058,1.0042,8.76,100,100
0.2,square,1000,0.4,GMM-0,-0.0036,0.9958,4.50,99,100
0.2,square,1000,0.4,NUMERICAL-MINQUE-ELASTICNET,0.0031,0.9952,13.26,67,100
0.2,square,1000,0.4,NUMERICAL-MINQUE-LASSO,0.0063,0.9950,13.35,48,100
0.2,square,1000,0.4,BLUP,-0.0010,0.9962,0.32,100,100
0.2,square,1000,0.4,CLOSEFORM-MINQUE0,-0.0076,564.0492,8.75,100,100
0.2,square,1000,0.4,CLOSEFORM-MINQUE1,0.0029,5002.9804,8.64,100,100
0.2,square,1000,0.6,CLOSEFORM-MINQUE0-RIDGE,0.0154,0.9998,10.86,100,100
0.2,square,1000,0.6,GMM,0.0000,0.0000,4.61,0,100
0.2,square,1000,0.6,NUMERICAL-MINQUE-RIDGE,0.0165,1.0143,15.98,100,100
0.2,square,1000,0.6,CLOSEFORM-MINQUE1-RIDGE,0.0134,1.0002,9.20,100,100
0.2,square,1000,0.6,GMM-0,0.0141,0.9950,4.54,100,100
0.2,square,1000,0.6,NUMERICAL-MINQUE-ELASTICNET,0.0175,0.9951,13.36,60,100
0.2,square,1000,0.6,NUMERICAL-MINQUE-LASSO,0.0176,0.9951,13.50,41,100
0.2,square,1000,0.6,BLUP,0.0109,0.9958,0.32,100,100
0.2,square,1000,0.6,CLOSEFORM-MINQUE0,0.0073,8.8232,8.97,100,100
0.2,square,1000,0.6,CLOSEFORM-MINQUE1,0.0003,88.0392,8.99,100,100
0.2,square,1000,0.8,CLOSEFORM-MINQUE0-RIDGE,0.0003,1.0034,9.90,100,100
0.2,square,1000,0.8,GMM,0.0000,0.0000,4.62,0,100
0.2,square,1000,0.8,NUMERICAL-MINQUE-RIDGE,0.0007,1.0159,15.80,100,100
0.2,square,1000,0.8,CLOSEFORM-MINQUE1-RIDGE,-0.0054,1.0036,8.93,100,100
0.2,square,1000,0.8,GMM-0,0.0006,0.9956,4.49,100,100
0.2,square,1000,0.8,NUMERICAL-MINQUE-ELASTICNET,0.0132,0.9950,13.25,62,100
0.2,square,1000,0.8,NUMERICAL-MINQUE-LASSO,0.0038,0.9949,13.27,46,100
0.2,square,1000,0.8,BLUP,-0.0002,0.9971,0.33,100,100
0.2,square,1000,0.8,CLOSEFORM-MINQUE0,-0.0067,3.6674,8.85,100,100
0.2,square,1000,0.8,CLOSEFORM-MINQUE1,0.0017,291.7855,8.74,100,100
0.2,square,1000,1,CLOSEFORM-MINQUE0-RIDGE,0.0037,1.0029,9.49,100,100
0.2,square,1000,1,GMM,0.0000,0.0000,4.76,0,100
0.2,square,1000,1,NUMERICAL-MINQUE-RIDGE,0.0066,1.0206,16.47,100,100
0.2,square,1000,1,CLOSEFORM-MINQUE1-RIDGE,0.0014,1.0029,8.97,100,100
0.2,square,1000,1,GMM-0,0.0028,0.9956,4.63,100,100
0.2,square,1000,1,NUMERICAL-MINQUE-ELASTICNET,0.0009,0.9952,13.97,67,100
0.2,square,1000,1,NUMERICAL-MINQUE-LASSO,0.0053,0.9951,13.93,49,100
0.2,square,1000,1,BLUP,0.0067,0.9960,0.34,100,100
0.2,square,1000,1,CLOSEFORM-MINQUE0,0.0008,45.4261,8.89,100,100
0.2,square,1000,1,CLOSEFORM-MINQUE1,-0.0067,148.1353,8.82,100,100
0.2,square,100,0.2,CLOSEFORM-MINQUE0-RIDGE,0.0888,0.9895,9.64,100,100
0.2,square,100,0.2,GMM,0.0000,0.0000,4.56,0,100
0.2,square,100,0.2,NUMERICAL-MINQUE-RIDGE,0.0739,0.9922,15.67,100,100
0.2,square,100,0.2,CLOSEFORM-MINQUE1-RIDGE,0.0870,0.9941,8.58,100,100
0.2,square,100,0.2,GMM-0,0.0291,0.9940,4.43,100,100
0.2,square,100,0.2,NUMERICAL-MINQUE-ELASTICNET,0.0862,0.9913,14.61,98,100
0.2,square,100,0.2,NUMERICAL-MINQUE-LASSO,0.0934,0.9924,14.45,92,100
0.2,square,100,0.2,BLUP,0.0284,0.9958,0.28,100,100
0.2,square,100,0.2,CLOSEFORM-MINQUE0,0.0196,1264.8823,8.46,100,100
0.2,square,100,0.2,CLOSEFORM-MINQUE1,0.0110,426.9733,8.34,100,100
0.2,square,100,0.4,CLOSEFORM-MINQUE0-RIDGE,0.0462,1.0005,9.09,100,100
0.2,square,100,0.4,GMM,0.0000,0.0000,4.42,0,100
0.2,square,100,0.4,NUMERICAL-MINQUE-RIDGE,0.0355,0.9973,14.99,100,100
0.2,square,100,0.4,CLOSEFORM-MINQUE1-RIDGE,0.0369,1.0084,8.25,100,100
0.2,square,100,0.4,GMM-0,0.0094,0.9958,4.30,100,100
0.2,square,100,0.4,NUMERICAL-MINQUE-ELASTICNET,0.0247,0.9946,14.33,94,100
0.2,square,100,0.4,NUMERICAL-MINQUE-LASSO,0.0426,0.9947,14.13,75,100
0.2,square,100,0.4,BLUP,0.0064,0.9967,0.27,100,100
0.2,square,100,0.4,CLOSEFORM-MINQUE0,-0.0009,49.9344,8.21,100,100
0.2,square,100,0.4,CLOSEFORM-MINQUE1,0.0110,213.1460,8.11,100,100
0.2,square,100,0.6,CLOSEFORM-MINQUE0-RIDGE,0.0331,1.0021,9.63,100,100
0.2,square,100,0.6,GMM,0.0000,0.0000,5.41,0,100
0.2,square,100,0.6,NUMERICAL-MINQUE-RIDGE,0.0204,0.9950,18.22,100,100
0.2,square,100,0.6,CLOSEFORM-MINQUE1-RIDGE,0.0366,1.0059,9.31,100,100
0.2,square,100,0.6,GMM-0,-0.0036,0.9962,5.28,98,100
0.2,square,100,0.6,NUMERICAL-MINQUE-ELASTICNET,0.0192,0.9947,17.06,91,100
0.2,square,100,0.6,NUMERICAL-MINQUE-LASSO,0.0159,0.9948,16.97,79,100
0.2,square,100,0.6,BLUP,-0.0025,0.9959,0.35,100,100
0.2,square,100,0.6,CLOSEFORM-MINQUE0,0.0049,78.3938,9.19,100,100
0.2,square,100,0.6,CLOSEFORM-MINQUE1,0.0016,2206.1565,9.18,100,100
0.2,square,100,0.8,CLOSEFORM-MINQUE0-RIDGE,0.0214,1.0051,9.89,100,100
0.2,square,100,0.8,GMM,0.0000,0.0000,4.80,0,100
0.2,square,100,0.8,NUMERICAL-MINQUE-RIDGE,0.0171,0.9952,16.52,100,100
0.2,square,100,0.8,CLOSEFORM-MINQUE1-RIDGE,0.0176,1.0127,8.56,100,100
0.2,square,100,0.8,GMM-0,0.0063,0.9956,4.65,100,100
0.2,square,100,0.8,NUMERICAL-MINQUE-ELASTICNET,0.0178,0.9950,15.55,95,100
0.2,square,100,0.8,NUMERICAL-MINQUE-LASSO,0.0189,0.9949,15.35,75,100
0.2,square,100,0.8,BLUP,0.0034,0.9968,0.31,100,100
0.2,square,100,0.8,CLOSEFORM-MINQUE0,0.0021,1070.5670,8.39,100,100
0.2,square,100,0.8,CLOSEFORM-MINQUE1,-0.0095,149.6087,8.39,100,100
0.2,square,100,1,CLOSEFORM-MINQUE0-RIDGE,0.0339,1.0034,9.89,100,100
0.2,square,100,1,GMM,0.0000,0.0000,4.94,0,100
0.2,square,100,1,NUMERICAL-MINQUE-RIDGE,0.0231,0.9974,17.13,100,100
0.2,square,100,1,CLOSEFORM-MINQUE1-RIDGE,0.0333,1.0080,9.00,100,100
0.2,square,100,1,GMM-0,0.0073,0.9956,4.78,100,100
0.2,square,100,1,NUMERICAL-MINQUE-ELASTICNET,0.0164,0.9949,16.04,96,100
0.2,square,100,1,NUMERICAL-MINQUE-LASSO,0.0239,0.9949,15.88,82,100
0.2,square,100,1,BLUP,0.0011,0.9959,0.29,100,100
0.2,square,100,1,CLOSEFORM-MINQUE0,0.0041,164.5189,8.77,100,100
0.2,square,100,1,CLOSEFORM-MINQUE1,-0.0050,1867.0222,8.74,100,100
0.2,square,20,0.2,CLOSEFORM-MINQUE0-RIDGE,0.2224,0.9445,10.11,100,100
0.2,square,20,0.2,GMM,0.1547,0.9764,4.64,4,100
0.2,square,20,0.2,NUMERICAL-MINQUE-RIDGE,0.1883,0.9685,15.70,100,100
0.2,square,20,0.2,CLOSEFORM-MINQUE1-RIDGE,0.2353,0.9429,8.49,100,100
0.2,square,20,0.2,GMM-0,0.0829,0.9879,4.51,100,100
0.2,square,20,0.2,NUMERICAL-MINQUE-ELASTICNET,0.1979,0.9735,15.10,99,100
0.2,square,20,0.2,NUMERICAL-MINQUE-LASSO,0.1971,0.9764,14.80,99,100
0.2,square,20,0.2,BLUP,0.0618,0.9923,0.34,100,100
0.2,square,20,0.2,CLOSEFORM-MINQUE0,0.0307,1634.8338,8.29,100,100
0.2,square,20,0.2,CLOSEFORM-MINQUE1,0.0403,98.2408,8.48,100,100
0.2,square,20,0.4,CLOSEFORM-MINQUE0-RIDGE,0.1667,0.9752,9.64,100,100
0.2,square,20,0.4,GMM,0.0000,0.0000,4.44,0,100
0.2,square,20,0.4,NUMERICAL-MINQUE-RIDGE,0.1502,0.9787,15.19,100,100
0.2,square,20,0.4,CLOSEFORM-MINQUE1-RIDGE,0.1593,0.9866,8.23,100,100
0.2,square,20,0.4,GMM-0,0.0348,0.9945,4.32,99,100
0.2,square,20,0.4,NUMERICAL-MINQUE-ELASTICNET,0.1485,0.9836,14.58,100,100
0.2,square,20,0.4,NUMERICAL-MINQUE-LASSO,0.1404,0.9862,14.47,100,100
0.2,square,20,0.4,BLUP,0.0219,0.9967,0.33,100,100
0.2,square,20,0.4,CLOSEFORM-MINQUE0,0.0381,1042.2803,7.98,100,100
0.2,square,20,0.4,CLOSEFORM-MINQUE1,0.0194,81702.4938,8.00,100,100
0.2,square,20,0.6,CLOSEFORM-MINQUE0-RIDGE,0.1378,0.9872,15.40,100,100
0.2,square,20,0.6,GMM,0.0000,0.0000,9.23,0,100
0.2,square,20,0.6,NUMERICAL-MINQUE-RIDGE,0.1077,0.9850,31.11,100,100
0.2,square,20,0.6,CLOSEFORM-MINQUE1-RIDGE,0.1307,0.9950,14.45,100,100
0.2,square,20,0.6,GMM-0,0.0362,0.9933,9.07,100,100
0.2,square,20,0.6,NUMERICAL-MINQUE-ELASTICNET,0.0952,0.9887,29.86,100,100
0.2,square,20,0.6,NUMERICAL-MINQUE-LASSO,0.0841,0.9909,29.42,99,100
0.2,square,20,0.6,BLUP,0.0348,0.9943,0.36,100,100
0.2,square,20,0.6,CLOSEFORM-MINQUE0,0.0173,81.9315,14.18,100,100
0.2,square,20,0.6,CLOSEFORM-MINQUE1,0.0150,117.0838,14.29,100,100
0.2,square,20,0.8,CLOSEFORM-MINQUE0-RIDGE,0.1100,1.0007,10.15,100,100
0.2,square,20,0.8,GMM,0.0000,0.0000,4.80,0,100
0.2,square,20,0.8,NUMERICAL-MINQUE-RIDGE,0.0918,0.9896,16.09,100,100
0.2,square,20,0.8,CLOSEFORM-MINQUE1-RIDGE,0.1074,1.0089,8.48,100,100
0.2,square,20,0.8,GMM-0,0.0195,0.9954,4.67,100,100
0.2,square,20,0.8,NUMERICAL-MINQUE-ELASTICNET,0.0727,0.9921,15.55,100,100
0.2,square,20,0.8,NUMERICAL-MINQUE-LASSO,0.0588,0.9931,15.39,93,100
0.2,square,20,0.8,BLUP,0.0229,0.9959,0.38,100,100
0.2,square,20,0.8,CLOSEFORM-MINQUE0,0.0231,37.0442,8.49,100,100
0.2,square,20,0.8,CLOSEFORM-MINQUE1,0.0199,2874.4465,8.46,100,100
0.2,square,20,1,CLOSEFORM-MINQUE0-RIDGE,0.0929,1.0078,10.48,100,100
0.2,square,20,1,GMM,0.0000,0.0000,4.88,0,100
0.2,square,20,1,NUMERICAL-MINQUE-RIDGE,0.0643,0.9913,17.20,100,100
0.2,square,20,1,CLOSEFORM-MINQUE1-RIDGE,0.0906,1.0148,8.73,100,100
0.2,square,20,1,GMM-0,0.0008,0.9964,4.71,100,100
0.2,square,20,1,NUMERICAL-MINQUE-ELASTICNET,0.0496,0.9932,16.42,98,100
0.2,square,20,1,NUMERICAL-MINQUE-LASSO,0.0393,0.9939,16.18,94,100
0.2,square,20,1,BLUP,0.0150,0.9949,0.35,100,100
0.2,square,20,1,CLOSEFORM-MINQUE0,0.0048,78.2330,8.74,100,100
0.2,square,20,1,CLOSEFORM-MINQUE1,0.0065,1628363.6371,8.60,100,100
0.2,square,500,0.2,CLOSEFORM-MINQUE0-RIDGE,0.0110,1.0014,9.45,100,100
0.2,square,500,0.2,GMM,0.0000,0.0000,4.38,0,100
0.2,square,500,0.2,NUMERICAL-MINQUE-RIDGE,0.0107,1.0184,14.65,100,100
0.2,square,500,0.2,CLOSEFORM-MINQUE1-RIDGE,0.0086,1.0020,8.41,100,100
0.2,square,500,0.2,GMM-0,0.0106,0.9952,4.27,100,100
0.2,square,500,0.2,NUMERICAL-MINQUE-ELASTICNET,0.0215,0.9949,12.82,69,100
0.2,square,500,0.2,NUMERICAL-MINQUE-LASSO,0.0213,0.9948,12.77,49,100
0.2,square,500,0.2,BLUP,0.0126,0.9951,0.29,100,100
0.2,square,500,0.2,CLOSEFORM-MINQUE0,0.0148,51238.2745,8.24,100,100
0.2,square,500,0.2,CLOSEFORM-MINQUE1,0.0087,5591.9275,8.19,100,100
0.2,square,500,0.4,CLOSEFORM-MINQUE0-RIDGE,-0.0045,1.0042,10.40,100,100
0.2,square,500,0.4,GMM,0.0000,0.0000,4.95,0,100
0.2,square,500,0.4,NUMERICAL-MINQUE-RIDGE,-0.0007,1.0181,16.79,100,100
0.2,square,500,0.4,CLOSEFORM-MINQUE1-RIDGE,0.0005,1.0021,9.02,100,100
0.2,square,500,0.4,GMM-0,-0.0070,0.9962,4.80,100,100
0.2,square,500,0.4,NUMERICAL-MINQUE-ELASTICNET,-0.0058,0.9953,14.75,66,100
0.2,square,500,0.4,NUMERICAL-MINQUE-LASSO,-0.0035,0.9951,14.60,52,100
0.2,square,500,0.4,BLUP,-0.0015,0.9961,0.32,100,100
0.2,square,500,0.4,CLOSEFORM-MINQUE0,0.0145,178.6240,8.80,100,100
0.2,square,500,0.4,CLOSEFORM-MINQUE1,-0.0022,567.3673,8.81,100,100
0.2,square,500,0.6,CLOSEFORM-MINQUE0-RIDGE,0.0143,1.0011,13.48,100,100
0.2,square,500,0.6,GMM,0.0000,0.0000,7.31,0,100
0.2,square,500,0.6,NUMERICAL-MINQUE-RIDGE,0.0141,1.0197,23.69,100,100
0.2,square,500,0.6,CLOSEFORM-MINQUE1-RIDGE,0.0080,1.0013,11.88,100,100
0.2,square,500,0.6,GMM-0,0.0131,0.9953,7.18,100,100
0.2,square,500,0.6,NUMERICAL-MINQUE-ELASTICNET,-0.0010,0.9952,20.28,63,100
0.2,square,500,0.6,NUMERICAL-MINQUE-LASSO,0.0061,0.9950,20.27,43,100
0.2,square,500,0.6,BLUP,0.0149,0.9960,0.35,100,100
0.2,square,500,0.6,CLOSEFORM-MINQUE0,-0.0039,90.3340,11.71,100,100
0.2,square,500,0.6,CLOSEFORM-MINQUE1,0.0018,44.5907,11.71,100,100
0.2,square,500,0.8,CLOSEFORM-MINQUE0-RIDGE,-0.0004,1.0029,9.90,100,100
0.2,square,500,0.8,GMM,0.0000,0.0000,4.70,0,100
0.2,square,500,0.8,NUMERICAL-MINQUE-RIDGE,0.0017,1.0219,15.86,100,100
0.2,square,500,0.8,CLOSEFORM-MINQUE1-RIDGE,0.0026,1.0024,8.64,100,100
0.2,square,500,0.8,GMM-0,-0.0043,0.9959,4.63,100,100
0.2,square,500,0.8,NUMERICAL-MINQUE-ELASTICNET,0.0035,0.9953,13.90,68,100
0.2,square,500,0.8,NUMERICAL-MINQUE-LASSO,0.0126,0.9950,13.73,46,100
0.2,square,500,0.8,BLUP,0.0069,0.9953,0.33,100,100
0.2,square,500,0.8,CLOSEFORM-MINQUE0,0.0003,396.8094,8.63,100,100
0.2,square,500,0.8,CLOSEFORM-MINQUE1,-0.0070,41.8283,8.56,100,100
0.2,square,500,1,CLOSEFORM-MINQUE0-RIDGE,0.0101,1.0008,9.99,100,100
0.2,square,500,1,GMM,0.0000,0.0000,4.67,0,100
0.2,square,500,1,NUMERICAL-MINQUE-RIDGE,0.0146,1.0206,15.76,100,100
0.2,square,500,1,CLOSEFORM-MINQUE1-RIDGE,0.0131,1.0004,8.56,100,100
0.2,square,500,1,GMM-0,0.0072,0.9952,4.56,100,100
0.2,square,500,1,NUMERICAL-MINQUE-ELASTICNET,0.0024,0.9952,13.75,69,100
0.2,square,500,1,NUMERICAL-MINQUE-LASSO,0.0000,0.9950,13.73,51,100
0.2,square,500,1,BLUP,0.0024,0.9954,0.31,100,100
0.2,square,500,1,CLOSEFORM-MINQUE0,0.0104,7.1470,8.37,100,100
0.2,square,500,1,CLOSEFORM-MINQUE1,0.0171,199.2542,8.40,100,100
0.5,cosh,1000,0.2,CLOSEFORM-MINQUE0-RIDGE,0.0109,1.0004,10.92,100,100
0.5,cosh,1000,0.2,GMM,0.0000,0.0000,5.53,0,100
0.5,cosh,1000,0.2,NUMERICAL-MINQUE-RIDGE,0.0132,1.0226,17.87,100,100
0.5,cosh,1000,0.2,CLOSEFORM-MINQUE1-RIDGE,0.0167,0.9995,9.23,100,100
0.5,cosh,1000,0.2,GMM-0,0.0091,0.9948,5.41,100,100
0.5,cosh,1000,0.2,NUMERICAL-MINQUE-ELASTICNET,0.0066,0.9933,14.33,48,100
0.5,cosh,1000,0.2,NUMERICAL-MINQUE-LASSO,0.0031,0.9934,14.50,47,100
0.5,cosh,1000,0.2,BLUP,0.0157,0.9953,0.32,100,100
0.5,cosh,1000,0.2,CLOSEFORM-MINQUE0,-0.0034,1426.2557,8.94,100,100
0.5,cosh,1000,0.2,CLOSEFORM-MINQUE1,0.0092,482.0853,9.00,100,100
0.5,cosh,1000,0.4,CLOSEFORM-MINQUE0-RIDGE,0.0062,1.0022,10.14,100,100
0.5,cosh,1000,0.4,GMM,0.0000,0.0000,4.74,0,100
0.5,cosh,1000,0.4,NUMERICAL-MINQUE-RIDGE,0.0059,1.0182,15.69,100,100
0.5,cosh,1000,0.4,CLOSEFORM-MINQUE1-RIDGE,0.0103,1.0016,9.16,100,100
0.5,cosh,1000,0.4,GMM-0,0.0052,0.9956,4.65,100,100
0.5,cosh,1000,0.4,NUMERICAL-MINQUE-ELASTICNET,-0.0058,0.9950,12.96,40,100
0.5,cosh,1000,0.4,NUMERICAL-MINQUE-LASSO,-0.0003,0.9950,13.02,33,100
0.5,cosh,1000,0.4,BLUP,0.0026,0.9960,0.38,100,100
0.5,cosh,1000,0.4,CLOSEFORM-MINQUE0,0.0017,284.2612,9.15,100,100
0.5,cosh,1000,0.4,CLOSEFORM-MINQUE1,-0.0020,376.6616,9.21,100,100
0.5,cosh,1000,0.6,CLOSEFORM-MINQUE0-RIDGE,-0.0006,1.0048,8.63,100,100
0.5,cosh,1000,0.6,GMM,0.0000,0.0000,4.42,0,100
0.5,cosh,1000,0.6,NUMERICAL-MINQUE-RIDGE,-0.0014,1.0266,15.22,100,100
0.5,cosh,1000,0.6,CLOSEFORM-MINQUE1-RIDGE,0.0011,1.0044,8.47,100,100
0.5,cosh,1000,0.6,GMM-0,-0.0023,0.9960,4.31,100,100
0.5,cosh,1000,0.6,NUMERICAL-MINQUE-ELASTICNET,0.0078,0.9950,12.63,46,100
0.5,cosh,1000,0.6,NUMERICAL-MINQUE-LASSO,0.0035,0.9950,12.60,46,100
0.5,cosh,1000,0.6,BLUP,-0.0130,0.9972,0.31,100,100
0.5,cosh,1000,0.6,CLOSEFORM-MINQUE0,0.0054,6724.8586,8.39,100,100
0.5,cosh,1000,0.6,CLOSEFORM-MINQUE1,-0.0097,159.9070,8.41,100,100
0.5,cosh,1000,0.8,CLOSEFORM-MINQUE0-RIDGE,0.0089,1.0022,11.93,100,100
0.5,cosh,1000,0.8,GMM,0.0000,0.0000,5.48,0,100
0.5,cosh,1000,0.8,NUMERICAL-MINQUE-RIDGE,0.0088,1.0178,18.72,100,100
0.5,cosh,1000,0.8,CLOSEFORM-MINQUE1-RIDGE,0.0101,1.0013,9.81,100,100
0.5,cosh,1000,0.8,GMM-0,0.0071,0.9955,5.40,100,100
0.5,cosh,1000,0.8,NUMERICAL-MINQUE-ELASTICNET,0.0045,0.9950,15.08,42,100
0.5,cosh,1000,0.8,NUMERICAL-MINQUE-LASSO,0.0158,0.9950,15.20,38,100
0.5,cosh,1000,0.8,BLUP,0.0073,0.9962,0.36,100,100
0.5,cosh,1000,0.8,CLOSEFORM-MINQUE0,0.0028,2854.6686,9.79,100,100
0.5,cosh,1000,0.8,CLOSEFORM-MINQUE1,-0.0166,1415.6193,9.70,100,100
0.5,cosh,1000,1,CLOSEFORM-MINQUE0-RIDGE,-0.0066,1.0040,13.10,100,100
0.5,cosh,1000,1,GMM,0.0000,0.0000,5.93,0,100
0.5,cosh,1000,1,NUMERICAL-MINQUE-RIDGE,-0.0037,1.0186,20.01,100,100
0.5,cosh,1000,1,CLOSEFORM-MINQUE1-RIDGE,-0.0052,1.0035,10.81,100,100
0.5,cosh,1000,1,GMM-0,-0.0071,0.9963,5.85,100,100
0.5,cosh,1000,1,NUMERICAL-MINQUE-ELASTICNET,0.0060,0.9951,15.78,48,100
0.5,cosh,1000,1,NUMERICAL-MINQUE-LASSO,0.0086,0.9950,15.85,44,100
0.5,cosh,1000,1,BLUP,-0.0128,0.9963,0.42,100,100
0.5,cosh,1000,1,CLOSEFORM-MINQUE0,-0.0029,657.7637,10.56,100,100
0.5,cosh,1000,1,CLOSEFORM-MINQUE1,-0.0015,2107.6611,10.80,100,100
0.5,cosh,100,0.2,CLOSEFORM-MINQUE0-RIDGE,0.2150,0.9456,10.21,100,100
0.5,cosh,100,0.2,GMM,0.0000,0.0000,4.68,0,100
0.5,cosh,100,0.2,NUMERICAL-MINQUE-RIDGE,0.1856,0.9770,16.06,100,100
0.5,cosh,100,0.2,CLOSEFORM-MINQUE1-RIDGE,0.2195,0.9437,8.57,100,100
0.5,cosh,100,0.2,GMM-0,0.0546,0.9924,4.54,100,100
0.5,cosh,100,0.2,NUMERICAL-MINQUE-ELASTICNET,0.2007,0.9819,14.84,95,100
0.5,cosh,100,0.2,NUMERICAL-MINQUE-LASSO,0.1990,0.9869,14.61,86,100
0.5,cosh,100,0.2,BLUP,0.0294,0.9964,0.27,100,100
0.5,cosh,100,0.2,CLOSEFORM-MINQUE0,0.0421,652.6119,8.42,100,100
0.5,cosh,100,0.2,CLOSEFORM-MINQUE1,0.0231,1016.6260,8.45,100,100
0.5,cosh,100,0.4,CLOSEFORM-MINQUE0-RIDGE,0.1212,0.9821,10.25,100,100
0.5,cosh,100,0.4,GMM,0.0000,0.0000,4.91,0,100
0.5,cosh,100,0.4,NUMERICAL-MINQUE-RIDGE,0.1000,0.9999,16.44,100,100
0.5,cosh,100,0.4,CLOSEFORM-MINQUE1-RIDGE,0.1221,0.9861,9.17,100,100
0.5,cosh,100,0.4,GMM-0,0.0239,0.9945,4.81,99,100
0.5,cosh,100,0.4,NUMERICAL-MINQUE-ELASTICNET,0.0991,0.9919,15.12,86,100
0.5,cosh,100,0.4,NUMERICAL-MINQUE-LASSO,0.0752,0.9936,14.95,66,100
0.5,cosh,100,0.4,BLUP,0.0262,0.9956,0.35,100,100
0.5,cosh,100,0.4,CLOSEFORM-MINQUE0,0.0170,166.0427,8.97,100,100
0.5,cosh,100,0.4,CLOSEFORM-MINQUE1,0.0091,724.3974,9.01,100,100
0.5,cosh,100,0.6,CLOSEFORM-MINQUE0-RIDGE,0.0920,0.9919,11.14,100,100
0.5,cosh,100,0.6,GMM,0.0000,0.0000,6.10,0,100
0.5,cosh,100,0.6,NUMERICAL-MINQUE-RIDGE,0.0666,1.0027,19.88,100,100
0.5,cosh,100,0.6,CLOSEFORM-MINQUE1-RIDGE,0.0895,0.9981,9.65,100,100
0.5,cosh,100,0.6,GMM-0,0.0068,0.9957,5.86,100,100
0.5,cosh,100,0.6,NUMERICAL-MINQUE-ELASTICNET,0.0523,0.9938,18.55,73,100
0.5,cosh,100,0.6,NUMERICAL-MINQUE-LASSO,0.0545,0.9943,18.28,58,100
0.5,cosh,100,0.6,BLUP,0.0036,0.9973,0.32,100,100
0.5,cosh,100,0.6,CLOSEFORM-MINQUE0,0.0089,10984.2683,9.53,100,100
0.5,cosh,100,0.6,CLOSEFORM-MINQUE1,0.0057,479.9071,9.51,100,100
0.5,cosh,100,0.8,CLOSEFORM-MINQUE0-RIDGE,0.0515,1.0069,13.31,100,100
0.5,cosh,100,0.8,GMM,0.0000,0.0000,7.37,0,100
0.5,cosh,100,0.8,NUMERICAL-MINQUE-RIDGE,0.0407,1.0171,25.52,100,100
0.5,cosh,100,0.8,CLOSEFORM-MINQUE1-RIDGE,0.0545,1.0121,11.89,100,100
0.5,cosh,100,0.8,GMM-0,0.0052,0.9964,7.19,98,100
0.5,cosh,100,0.8,NUMERICAL-MINQUE-ELASTICNET,0.0310,0.9947,23.01,63,100
0.5,cosh,100,0.8,NUMERICAL-MINQUE-LASSO,0.0327,0.9949,22.89,65,100
0.5,cosh,100,0.8,BLUP,0.0063,0.9971,0.33,100,100
0.5,cosh,100,0.8,CLOSEFORM-MINQUE0,-0.0030,19842.3966,11.65,100,100
0.5,cosh,100,0.8,CLOSEFORM-MINQUE1,-0.0035,7065.7923,11.61,100,100
0.5,cosh,100,1,CLOSEFORM-MINQUE0-RIDGE,0.0563,1.0053,12.47,100,100
0.5,cosh,100,1,GMM,0.0000,0.0000,6.60,0,100
0.5,cosh,100,1,NUMERICAL-MINQUE-RIDGE,0.0396,1.0012,21.89,100,100
0.5,cosh,100,1,CLOSEFORM-MINQUE1-RIDGE,0.0559,1.0130,10.71,100,100
0.5,cosh,100,1,GMM-0,0.0080,0.9959,6.41,100,100
0.5,cosh,100,1,NUMERICAL-MINQUE-ELASTICNET,0.0151,0.9951,20.12,62,100
0.5,cosh,100,1,NUMERICAL-MINQUE-LASSO,0.0145,0.9950,19.84,63,100
0.5,cosh,100,1,BLUP,0.0120,0.9966,0.31,100,100
0.5,cosh,100,1,CLOSEFORM-MINQUE0,0.0038,1770.8433,10.60,100,100
0.5,cosh,100,1,CLOSEFORM-MINQUE1,-0.0004,517.8602,10.62,100,100
0.5,cosh,20,0.2,CLOSEFORM-MINQUE0-RIDGE,0.4774,0.7679,9.34,100,100
0.5,cosh,20,0.2,GMM,0.2000,0.9473,4.40,12,100
0.5,cosh,20,0.2,NUMERICAL-MINQUE-RIDGE,0.4097,0.8735,15.02,100,100
0.5,cosh,20,0.2,CLOSEFORM-MINQUE1-RIDGE,0.4951,0.7484,8.13,100,100
0.5,cosh,20,0.2,GMM-0,0.1613,0.9700,4.25,100,100
0.5,cosh,20,0.2,NUMERICAL-MINQUE-ELASTICNET,0.4092,0.8947,14.17,100,100
0.5,cosh,20,0.2,NUMERICAL-MINQUE-LASSO,0.3993,0.9057,14.01,97,100
0.5,cosh,20,0.2,BLUP,0.1316,0.9777,0.31,100,100
0.5,cosh,20,0.2,CLOSEFORM-MINQUE0,0.0717,1919.2141,7.95,100,100
0.5,cosh,20,0.2,CLOSEFORM-MINQUE1,0.1173,1011.6125,7.97,100,100
0.5,cosh,20,0.4,CLOSEFORM-MINQUE0-RIDGE,0.3675,0.8637,11.59,100,100
0.5,cosh,20,0.4,GMM,0.1761,0.9727,6.14,7,100
0.5,cosh,20,0.4,NUMERICAL-MINQUE-RIDGE,0.3323,0.9178,20.38,100,100
0.5,cosh,20,0.4,CLOSEFORM-MINQUE1-RIDGE,0.3796,0.8531,9.83,100,100
0.5,cosh,20,0.4,GMM-0,0.1162,0.9831,6.00,100,100
0.5,cosh,20,0.4,NUMERICAL-MINQUE-ELASTICNET,0.3110,0.9412,19.30,97,100
0.5,cosh,20,0.4,NUMERICAL-MINQUE-LASSO,0.2877,0.9524,19.25,92,100
0.5,cosh,20,0.4,BLUP,0.0977,0.9865,0.30,100,100
0.5,cosh,20,0.4,CLOSEFORM-MINQUE0,0.0677,1565.7626,9.74,100,100
0.5,cosh,20,0.4,CLOSEFORM-MINQUE1,0.0978,122.7792,9.70,100,100
0.5,cosh,20,0.6,CLOSEFORM-MINQUE0-RIDGE,0.2871,0.9214,9.81,100,100
0.5,cosh,20,0.6,GMM,0.0000,0.0000,4.53,0,100
0.5,cosh,20,0.6,NUMERICAL-MINQUE-RIDGE,0.2413,0.9467,15.80,100,100
0.5,cosh,20,0.6,CLOSEFORM-MINQUE1-RIDGE,0.2975,0.9138,8.17,100,100
0.5,cosh,20,0.6,GMM-0,0.0611,0.9908,4.38,100,100
0.5,cosh,20,0.6,NUMERICAL-MINQUE-ELASTICNET,0.2029,0.9737,15.12,89,100
0.5,cosh,20,0.6,NUMERICAL-MINQUE-LASSO,0.1762,0.9833,14.97,84,100
0.5,cosh,20,0.6,BLUP,0.0624,0.9927,0.33,100,100
0.5,cosh,20,0.6,CLOSEFORM-MINQUE0,0.0376,273.5620,8.13,100,100
0.5,cosh,20,0.6,CLOSEFORM-MINQUE1,0.0743,58.6439,8.11,100,100
0.5,cosh,20,0.8,CLOSEFORM-MINQUE0-RIDGE,0.2242,0.9636,12.47,100,100
0.5,cosh,20,0.8,GMM,0.0000,0.0000,6.68,0,100
0.5,cosh,20,0.8,NUMERICAL-MINQUE-RIDGE,0.1834,0.9736,22.21,100,100
0.5,cosh,20,0.8,CLOSEFORM-MINQUE1-RIDGE,0.2313,0.9617,10.81,100,100
0.5,cosh,20,0.8,GMM-0,0.0264,0.9947,6.52,100,100
0.5,cosh,20,0.8,NUMERICAL-MINQUE-ELASTICNET,0.1206,0.9843,21.12,84,100
0.5,cosh,20,0.8,NUMERICAL-MINQUE-LASSO,0.1025,0.9883,21.00,73,100
0.5,cosh,20,0.8,BLUP,0.0413,0.9960,0.32,100,100
0.5,cosh,20,0.8,CLOSEFORM-MINQUE0,0.0456,72.0578,10.65,100,100
0.5,cosh,20,0.8,CLOSEFORM-MINQUE1,0.0650,115.4099,10.61,100,100
0.5,cosh,20,1,CLOSEFORM-MINQUE0-RIDGE,0.1838,0.9961,10.39,100,100
0.5,cosh,20,1,GMM,0.0000,0.0000,4.77,0,100
0.5,cosh,20,1,NUMERICAL-MINQUE-RIDGE,0.1509,0.9803,16.48,100,100
0.5,cosh,20,1,CLOSEFORM-MINQUE1-RIDGE,0.1877,0.9932,8.42,100,100
0.5,cosh,20,1,GMM-0,0.0311,0.9953,4.66,100,100
0.5,cosh,20,1,NUMERICAL-MINQUE-ELASTICNET,0.1008,0.9898,15.80,65,100
0.5,cosh,20,1,NUMERICAL-MINQUE-LASSO,0.0747,0.9932,15.56,66,100
0.5,cosh,20,1,BLUP,0.0419,0.9962,0.36,100,100
0.5,cosh,20,1,CLOSEFORM-MINQUE0,0.0165,153.1079,8.48,100,100
0.5,cosh,20,1,CLOSEFORM-MINQUE1,0.0671,139.6443,8.44,100,100
0.5,cosh,500,0.2,CLOSEFORM-MINQUE0-RIDGE,0.0167,1.0008,10.61,100,100
0.5,cosh,500,0.2,GMM,0.0000,0.0000,5.80,0,100
0.5,cosh,500,0.2,NUMERICAL-MINQUE-RIDGE,0.0246,1.0182,18.24,100,100
0.5,cosh,500,0.2,CLOSEFORM-MINQUE1-RIDGE,0.0281,0.9989,9.44,100,100
0.5,cosh,500,0.2,GMM-0,0.0029,0.9959,5.64,100,100
0.5,cosh,500,0.2,NUMERICAL-MINQUE-ELASTICNET,0.0207,0.9949,15.62,56,100
0.5,cosh,500,0.2,NUMERICAL-MINQUE-LASSO,0.0111,0.9950,15.42,51,100
0.5,cosh,500,0.2,BLUP,0.0192,0.9957,0.29,100,100
0.5,cosh,500,0.2,CLOSEFORM-MINQUE0,-0.0087,37.0735,9.23,100,100
0.5,cosh,500,0.2,CLOSEFORM-MINQUE1,0.0060,657.8804,9.26,100,100
0.5,cosh,500,0.4,CLOSEFORM-MINQUE0-RIDGE,0.0094,1.0019,11.04,100,100
0.5,cosh,500,0.4,GMM,0.0000,0.0000,6.19,0,100
0.5,cosh,500,0.4,NUMERICAL-MINQUE-RIDGE,0.0111,1.0247,20.63,100,100
0.5,cosh,500,0.4,CLOSEFORM-MINQUE1-RIDGE,0.0023,1.0030,9.59,100,100
0.5,cosh,500,0.4,GMM-0,0.0046,0.9957,6.07,100,100
0.5,cosh,500,0.4,NUMERICAL-MINQUE-ELASTICNET,-0.0149,0.9951,17.50,49,100
0.5,cosh,500,0.4,NUMERICAL-MINQUE-LASSO,0.0005,0.9950,17.16,48,100
0.5,cosh,500,0.4,BLUP,0.0033,0.9964,0.31,100,100
0.5,cosh,500,0.4,CLOSEFORM-MINQUE0,-0.0005,110.8976,9.45,100,100
0.5,cosh,500,0.4,CLOSEFORM-MINQUE1,0.0023,233.2684,9.34,100,100
0.5,cosh,500,0.6,CLOSEFORM-MINQUE0-RIDGE,0.0037,1.0033,9.10,100,100
0.5,cosh,500,0.6,GMM,0.0000,0.0000,4.76,0,100
0.5,cosh,500,0.6,NUMERICAL-MINQUE-RIDGE,0.0048,1.0220,15.89,100,100
0.5,cosh,500,0.6,CLOSEFORM-MINQUE1-RIDGE,0.0120,1.0024,8.63,100,100
0.5,cosh,500,0.6,GMM-0,-0.0034,0.9962,4.66,100,100
0.5,cosh,500,0.6,NUMERICAL-MINQUE-ELASTICNET,0.0099,0.9950,13.72,47,100
0.5,cosh,500,0.6,NUMERICAL-MINQUE-LASSO,0.0052,0.9950,13.60,46,100
0.5,cosh,500,0.6,BLUP,-0.0060,0.9969,0.33,100,100
0.5,cosh,500,0.6,CLOSEFORM-MINQUE0,0.0046,257.1397,8.51,100,100
0.5,cosh,500,0.6,CLOSEFORM-MINQUE1,-0.0083,1605.7930,8.53,100,100
0.5,cosh,500,0.8,CLOSEFORM-MINQUE0-RIDGE,0.0026,1.0027,11.23,100,100
0.5,cosh,500,0.8,GMM,0.0000,0.0000,5.58,0,100
0.5,cosh,500,0.8,NUMERICAL-MINQUE-RIDGE,0.0031,1.0206,19.19,100,100
0.5,cosh,500,0.8,CLOSEFORM-MINQUE1-RIDGE,0.0061,1.0016,10.09,100,100
0.5,cosh,500,0.8,GMM-0,-0.0018,0.9961,5.55,100,100
0.5,cosh,500,0.8,NUMERICAL-MINQUE-ELASTICNET,-0.0056,0.9951,15.55,44,100
0.5,cosh,500,0.8,NUMERICAL-MINQUE-LASSO,0.0011,0.9950,15.47,46,100
0.5,cosh,500,0.8,BLUP,-0.0037,0.9961,0.39,100,100
0.5,cosh,500,0.8,CLOSEFORM-MINQUE0,0.0117,6404.4912,9.90,100,100
0.5,cosh,500,0.8,CLOSEFORM-MINQUE1,0.0012,674.5522,9.94,100,100
0.5,cosh,500,1,CLOSEFORM-MINQUE0-RIDGE,0.0100,1.0015,14.52,100,100
0.5,cosh,500,1,GMM,0.0000,0.0000,8.09,0,100
0.5,cosh,500,1,NUMERICAL-MINQUE-RIDGE,0.0093,1.0153,27.05,100,100
0.5,cosh,500,1,CLOSEFORM-MINQUE1-RIDGE,0.0082,1.0012,12.32,100,100
0.5,cosh,500,1,GMM-0,0.0085,0.9955,7.90,100,100
0.5,cosh,500,1,NUMERICAL-MINQUE-ELASTICNET,0.0011,0.9950,21.37,44,100
0.5,cosh,500,1,NUMERICAL-MINQUE-LASSO,0.0051,0.9950,21.61,44,100
0.5,cosh,500,1,BLUP,0.0074,0.9960,0.38,100,100
0.5,cosh,500,1,CLOSEFORM-MINQUE0,-0.0029,4052.0359,12.16,100,100
0.5,cosh,500,1,CLOSEFORM-MINQUE1,-0.0001,682.8922,12.31,100,100
0.5,hyperbola,1000,0.2,CLOSEFORM-MINQUE0-RIDGE,0.0129,1.0010,12.22,100,100
0.5,hyperbola,1000,0.2,GMM,0.0000,0.0000,7.21,0,100
0.5,hyperbola,1000,0.2,NUMERICAL-MINQUE-RIDGE,0.0180,1.0133,23.54,100,100
0.5,hyperbola,1000,0.2,CLOSEFORM-MINQUE1-RIDGE,0.0125,1.0004,11.67,100,100
0.5,hyperbola,1000,0.2,GMM-0,0.0105,0.9952,6.99,99,100
0.5,hyperbola,1000,0.2,NUMERICAL-MINQUE-ELASTICNET,0.0147,0.9948,19.24,71,100
0.5,hyperbola,1000,0.2,NUMERICAL-MINQUE-LASSO,0.0056,0.9950,19.21,50,100
0.5,hyperbola,1000,0.2,BLUP,0.0023,0.9959,0.38,100,100
0.5,hyperbola,1000,0.2,CLOSEFORM-MINQUE0,0.0052,91.1800,11.31,100,100
0.5,hyperbola,1000,0.2,CLOSEFORM-MINQUE1,-0.0047,20.6186,11.27,100,100
0.5,hyperbola,1000,0.4,CLOSEFORM-MINQUE0-RIDGE,-0.0011,1.0045,11.54,100,100
0.5,hyperbola,1000,0.4,GMM,0.0000,0.0000,5.42,0,100
0.5,hyperbola,1000,0.4,NUMERICAL-MINQUE-RIDGE,-0.0023,1.0235,18.80,100,100
0.5,hyperbola,1000,0.4,CLOSEFORM-MINQUE1-RIDGE,0.0034,1.0038,9.74,100,100
0.5,hyperbola,1000,0.4,GMM-0,-0.0010,0.9959,5.32,100,100
0.5,hyperbola,1000,0.4,NUMERICAL-MINQUE-ELASTICNET,0.0085,0.9949,15.54,73,100
0.5,hyperbola,1000,0.4,NUMERICAL-MINQUE-LASSO,0.0133,0.9950,15.45,50,100
0.5,hyperbola,1000,0.4,BLUP,-0.0095,0.9975,0.37,100,100
0.5,hyperbola,1000,0.4,CLOSEFORM-MINQUE0,0.0126,265.2910,9.67,100,100
0.5,hyperbola,1000,0.4,CLOSEFORM-MINQUE1,0.0019,1830.6283,9.61,100,100
0.5,hyperbola,1000,0.6,CLOSEFORM-MINQUE0-RIDGE,-0.0035,1.0037,10.70,100,100
0.5,hyperbola,1000,0.6,GMM,0.0000,0.0000,4.78,0,100
0.5,hyperbola,1000,0.6,NUMERICAL-MINQUE-RIDGE,-0.0039,1.0164,16.28,100,100
0.5,hyperbola,1000,0.6,CLOSEFORM-MINQUE1-RIDGE,-0.0027,1.0026,9.10,100,100
0.5,hyperbola,1000,0.6,GMM-0,-0.0031,0.9960,4.64,100,100
0.5,hyperbola,1000,0.6,NUMERICAL-MINQUE-ELASTICNET,0.0028,0.9951,13.72,64,100
0.5,hyperbola,1000,0.6,NUMERICAL-MINQUE-LASSO,0.0056,0.9949,13.63,52,100
0.5,hyperbola,1000,0.6,BLUP,0.0038,0.9958,0.31,100,100
0.5,hyperbola,1000,0.6,CLOSEFORM-MINQUE0,0.0032,10.7730,8.95,100,100
0.5,hyperbola,1000,0.6,CLOSEFORM-MINQUE1,0.0066,18.2465,8.88,100,100
0.5,hyperbola,1000,0.8,CLOSEFORM-MINQUE0-RIDGE,0.0069,1.0015,9.37,100,100
0.5,hyperbola,1000,0.8,GMM,0.0000,0.0000,5.09,0,100
0.5,hyperbola,1000,0.8,NUMERICAL-MINQUE-RIDGE,0.0088,1.0160,17.13,100,100
0.5,hyperbola,1000,0.8,CLOSEFORM-MINQUE1-RIDGE,0.0067,1.0014,9.21,100,100
0.5,hyperbola,1000,0.8,GMM-0,0.0058,0.9955,5.03,100,100
0.5,hyperbola,1000,0.8,NUMERICAL-MINQUE-ELASTICNET,-0.0007,0.9952,14.30,73,100
0.5,hyperbola,1000,0.8,NUMERICAL-MINQUE-LASSO,0.0079,0.9950,14.30,48,100
0.5,hyperbola,1000,0.8,BLUP,0.0047,0.9960,0.37,100,100
0.5,hyperbola,1000,0.8,CLOSEFORM-MINQUE0,0.0056,11.6848,9.11,100,100
0.5,hyperbola,1000,0.8,CLOSEFORM-MINQUE1,0.0010,24.3313,9.25,100,100
0.5,hyperbola,1000,1,CLOSEFORM-MINQUE0-RIDGE,-0.0009,1.0028,12.16,100,100
0.5,hyperbola,1000,1,GMM,0.0000,0.0000,5.70,0,100
0.5,hyperbola,1000,1,NUMERICAL-MINQUE-RIDGE,0.0019,1.0179,19.80,100,100
0.5,hyperbola,1000,1,CLOSEFORM-MINQUE1-RIDGE,-0.0015,1.0023,10.31,100,100
0.5,hyperbola,1000,1,GMM-0,-0.0024,0.9957,5.57,100,100
0.5,hyperbola,1000,1,NUMERICAL-MINQUE-ELASTICNET,0.0026,0.9951,16.45,80,100
0.5,hyperbola,1000,1,NUMERICAL-MINQUE-LASSO,0.0015,0.9950,16.44,58,100
0.5,hyperbola,1000,1,BLUP,-0.0035,0.9956,0.38,100,100
0.5,hyperbola,1000,1,CLOSEFORM-MINQUE0,0.0020,61276.9005,10.25,100,100
0.5,hyperbola,1000,1,CLOSEFORM-MINQUE1,-0.0149,2128.1029,10.24,100,100
0.5,hyperbola,100,0.2,CLOSEFORM-MINQUE0-RIDGE,0.2171,0.9466,9.36,100,100
0.5,hyperbola,100,0.2,GMM,0.0000,0.0000,4.75,0,100
0.5,hyperbola,100,0.2,NUMERICAL-MINQUE-RIDGE,0.1790,0.9714,16.24,100,100
0.5,hyperbola,100,0.2,CLOSEFORM-MINQUE1-RIDGE,0.2247,0.9426,8.48,100,100
0.5,hyperbola,100,0.2,GMM-0,0.0437,0.9935,4.60,100,100
0.5,hyperbola,100,0.2,NUMERICAL-MINQUE-ELASTICNET,0.1988,0.9784,15.09,98,100
0.5,hyperbola,100,0.2,NUMERICAL-MINQUE-LASSO,0.2011,0.9834,14.77,97,100
0.5,hyperbola,100,0.2,BLUP,0.0319,0.9963,0.27,100,100
0.5,hyperbola,100,0.2,CLOSEFORM-MINQUE0,0.0347,232.8757,8.28,100,100
0.5,hyperbola,100,0.2,CLOSEFORM-MINQUE1,0.0383,154.8719,8.31,100,100
0.5,hyperbola,100,0.4,CLOSEFORM-MINQUE0-RIDGE,0.1289,0.9777,8.86,100,100
0.5,hyperbola,100,0.4,GMM,0.0000,0.0000,4.50,0,100
0.5,hyperbola,100,0.4,NUMERICAL-MINQUE-RIDGE,0.0985,0.9894,15.36,100,100
0.5,hyperbola,100,0.4,CLOSEFORM-MINQUE1-RIDGE,0.1276,0.9806,8.14,100,100
0.5,hyperbola,100,0.4,GMM-0,0.0111,0.9956,4.39,100,100
0.5,hyperbola,100,0.4,NUMERICAL-MINQUE-ELASTICNET,0.0921,0.9897,14.43,100,100
0.5,hyperbola,100,0.4,NUMERICAL-MINQUE-LASSO,0.0896,0.9913,14.32,92,100
0.5,hyperbola,100,0.4,BLUP,0.0174,0.9955,0.29,100,100
0.5,hyperbola,100,0.4,CLOSEFORM-MINQUE0,0.0177,11637.0967,8.09,100,100
0.5,hyperbola,100,0.4,CLOSEFORM-MINQUE1,0.0223,161.9162,8.08,100,100
0.5,hyperbola,100,0.6,CLOSEFORM-MINQUE0-RIDGE,0.0826,0.9919,10.95,100,100
0.5,hyperbola,100,0.6,GMM,0.0000,0.0000,5.09,0,100
0.5,hyperbola,100,0.6,NUMERICAL-MINQUE-RIDGE,0.0609,0.9975,17.37,100,100
0.5,hyperbola,100,0.6,CLOSEFORM-MINQUE1-RIDGE,0.0815,0.9964,9.02,100,100
0.5,hyperbola,100,0.6,GMM-0,0.0089,0.9955,4.94,100,100
0.5,hyperbola,100,0.6,NUMERICAL-MINQUE-ELASTICNET,0.0622,0.9935,16.19,100,100
0.5,hyperbola,100,0.6,NUMERICAL-MINQUE-LASSO,0.0627,0.9943,16.08,89,100
0.5,hyperbola,100,0.6,BLUP,0.0189,0.9960,0.34,100,100
0.5,hyperbola,100,0.6,CLOSEFORM-MINQUE0,0.0133,102.0040,8.87,100,100
0.5,hyperbola,100,0.6,CLOSEFORM-MINQUE1,0.0101,653.5768,8.76,100,100
0.5,hyperbola,100,0.8,CLOSEFORM-MINQUE0-RIDGE,0.0533,1.0001,10.05,100,100
0.5,hyperbola,100,0.8,GMM,0.0000,0.0000,4.77,0,100
0.5,hyperbola,100,0.8,NUMERICAL-MINQUE-RIDGE,0.0350,0.9948,16.45,100,100
0.5,hyperbola,100,0.8,CLOSEFORM-MINQUE1-RIDGE,0.0568,1.0046,8.84,100,100
0.5,hyperbola,100,0.8,GMM-0,0.0028,0.9963,4.63,100,100
0.5,hyperbola,100,0.8,NUMERICAL-MINQUE-ELASTICNET,0.0221,0.9949,15.65,98,100
0.5,hyperbola,100,0.8,NUMERICAL-MINQUE-LASSO,0.0113,0.9950,15.34,86,100
0.5,hyperbola,100,0.8,BLUP,0.0151,0.9962,0.30,100,100
0.5,hyperbola,100,0.8,CLOSEFORM-MINQUE0,-0.0051,920.8937,8.56,100,100
0.5,hyperbola,100,0.8,CLOSEFORM-MINQUE1,0.0021,250.1930,8.50,100,100
0.5,hyperbola,100,1,CLOSEFORM-MINQUE0-RIDGE,0.0565,0.9983,10.60,100,100
0.5,hyperbola,100,1,GMM,0.0000,0.0000,4.81,0,100
0.5,hyperbola,100,1,NUMERICAL-MINQUE-RIDGE,0.0364,0.9947,16.63,100,100
0.5,hyperbola,100,1,CLOSEFORM-MINQUE1-RIDGE,0.0526,1.0037,8.64,100,100
0.5,hyperbola,100,1,GMM-0,-0.0005,0.9962,4.65,99,100
0.5,hyperbola,100,1,NUMERICAL-MINQUE-ELASTICNET,0.0224,0.9949,15.64,98,100
0.5,hyperbola,100,1,NUMERICAL-MINQUE-LASSO,0.0218,0.9951,15.38,86,100
0.5,hyperbola,100,1,BLUP,0.0098,0.9959,0.28,100,100
0.5,hyperbola,100,1,CLOSEFORM-MINQUE0,0.0117,347.7822,8.59,100,100
0.5,hyperbola,100,1,CLOSEFORM-MINQUE1,0.0080,1380.3320,8.57,100,100
0.5,hyperbola,20,0.2,CLOSEFORM-MINQUE0-RIDGE,0.4864,0.7577,9.32,100,100
0.5,hyperbola,20,0.2,GMM,0.2930,0.9232,4.47,28,100
0.5,hyperbola,20,0.2,NUMERICAL-MINQUE-RIDGE,0.4269,0.8415,15.18,100,100
0.5,hyperbola,20,0.2,CLOSEFORM-MINQUE1-RIDGE,0.4972,0.7446,8.19,100,100
0.5,hyperbola,20,0.2,GMM-0,0.1825,0.9575,4.33,100,100
0.5,hyperbola,20,0.2,NUMERICAL-MINQUE-ELASTICNET,0.4239,0.8644,14.29,100,100
0.5,hyperbola,20,0.2,NUMERICAL-MINQUE-LASSO,0.4196,0.8729,14.09,100,100
0.5,hyperbola,20,0.2,BLUP,0.1531,0.9675,0.32,100,100
0.5,hyperbola,20,0.2,CLOSEFORM-MINQUE0,0.0890,523.2862,7.93,100,100
0.5,hyperbola,20,0.2,CLOSEFORM-MINQUE1,0.1265,6875.2781,8.04,100,100
0.5,hyperbola,20,0.4,CLOSEFORM-MINQUE0-RIDGE,0.3484,0.8704,8.60,100,100
0.5,hyperbola,20,0.4,GMM,0.1290,0.9852,3.59,5,100
0.5,hyperbola,20,0.4,NUMERICAL-MINQUE-RIDGE,0.2881,0.9325,12.17,100,100
0.5,hyperbola,20,0.4,CLOSEFORM-MINQUE1-RIDGE,0.3606,0.8642,7.34,100,100
0.5,hyperbola,20,0.4,GMM-0,0.0632,0.9904,3.41,100,100
0.5,hyperbola,20,0.4,NUMERICAL-MINQUE-ELASTICNET,0.2836,0.9474,11.85,100,100
0.5,hyperbola,20,0.4,NUMERICAL-MINQUE-LASSO,0.2746,0.9541,11.60,100,100
0.5,hyperbola,20,0.4,BLUP,0.0509,0.9930,0.29,100,100
0.5,hyperbola,20,0.4,CLOSEFORM-MINQUE0,0.0711,600.5264,7.21,100,100
0.5,hyperbola,20,0.4,CLOSEFORM-MINQUE1,0.0688,126.5999,7.18,100,100
0.5,hyperbola,20,0.6,CLOSEFORM-MINQUE0-RIDGE,0.2857,0.9147,11.06,100,100
0.5,hyperbola,20,0.6,GMM,0.0000,0.0000,5.86,0,100
0.5,hyperbola,20,0.6,NUMERICAL-MINQUE-RIDGE,0.2367,0.9524,19.27,100,100
0.5,hyperbola,20,0.6,CLOSEFORM-MINQUE1-RIDGE,0.2898,0.9158,9.21,100,100
0.5,hyperbola,20,0.6,GMM-0,0.0481,0.9923,5.73,100,100
0.5,hyperbola,20,0.6,NUMERICAL-MINQUE-ELASTICNET,0.2197,0.9649,18.55,100,100
0.5,hyperbola,20,0.6,NUMERICAL-MINQUE-LASSO,0.2071,0.9707,18.28,100,100
0.5,hyperbola,20,0.6,BLUP,0.0538,0.9931,0.33,100,100
0.5,hyperbola,20,0.6,CLOSEFORM-MINQUE0,0.0539,1443.0961,9.15,100,100
0.5,hyperbola,20,0.6,CLOSEFORM-MINQUE1,0.0592,50.3816,9.15,100,100
0.5,hyperbola,20,0.8,CLOSEFORM-MINQUE0-RIDGE,0.2376,0.9402,11.06,100,100
0.5,hyperbola,20,0.8,GMM,0.2931,0.9468,5.77,1,100
0.5,hyperbola,20,0.8,NUMERICAL-MINQUE-RIDGE,0.1950,0.9675,20.76,100,100
0.5,hyperbola,20,0.8,CLOSEFORM-MINQUE1-RIDGE,0.2351,0.9475,9.54,100,100
0.5,hyperbola,20,0.8,GMM-0,0.0325,0.9940,5.54,100,100
0.5,hyperbola,20,0.8,NUMERICAL-MINQUE-ELASTICNET,0.1782,0.9760,20.16,100,100
0.5,hyperbola,20,0.8,NUMERICAL-MINQUE-LASSO,0.1574,0.9808,19.71,100,100
0.5,hyperbola,20,0.8,BLUP,0.0360,0.9948,0.39,100,100
0.5,hyperbola,20,0.8,CLOSEFORM-MINQUE0,0.0516,311.7284,9.42,100,100
0.5,hyperbola,20,0.8,CLOSEFORM-MINQUE1,0.0409,650.6555,9.43,100,100
0.5,hyperbola,20,1,CLOSEFORM-MINQUE0-RIDGE,0.1986,0.9645,10.31,100,100
0.5,hyperbola,20,1,GMM,0.0000,0.0000,4.76,0,100
0.5,hyperbola,20,1,NUMERICAL-MINQUE-RIDGE,0.1657,0.9755,16.80,100,100
0.5,hyperbola,20,1,CLOSEFORM-MINQUE1-RIDGE,0.2024,0.9661,8.52,100,100
0.5,hyperbola,20,1,GMM-0,0.0310,0.9950,4.58,100,100
0.5,hyperbola,20,1,NUMERICAL-MINQUE-ELASTICNET,0.1437,0.9828,16.31,100,100
0.5,hyperbola,20,1,NUMERICAL-MINQUE-LASSO,0.1282,0.9862,15.99,100,100
0.5,hyperbola,20,1,BLUP,0.0363,0.9945,0.32,100,100
0.5,hyperbola,20,1,CLOSEFORM-MINQUE0,0.0571,15851.2943,8.55,100,100
0.5,hyperbola,20,1,CLOSEFORM-MINQUE1,0.0493,115.6380,8.43,100,100
0.5,hyperbola,500,0.2,CLOSEFORM-MINQUE0-RIDGE,0.0147,1.0015,10.68,100,100
0.5,hyperbola,500,0.2,GMM,0.0000,0.0000,4.83,0,100
0.5,hyperbola,500,0.2,NUMERICAL-MINQUE-RIDGE,0.0265,1.0254,15.90,100,100
0.5,hyperbola,500,0.2,CLOSEFORM-MINQUE1-RIDGE,0.0260,1.0000,8.95,100,100
0.5,hyperbola,500,0.2,GMM-0,0.0029,0.9959,4.70,100,100
0.5,hyperbola,500,0.2,NUMERICAL-MINQUE-ELASTICNET,0.0063,0.9951,13.84,79,100
0.5,hyperbola,500,0.2,NUMERICAL-MINQUE-LASSO,0.0073,0.9951,13.74,58,100
0.5,hyperbola,500,0.2,BLUP,0.0131,0.9956,0.34,100,100
0.5,hyperbola,500,0.2,CLOSEFORM-MINQUE0,0.0263,61.5703,8.88,100,100
0.5,hyperbola,500,0.2,CLOSEFORM-MINQUE1,0.0304,59.9124,8.84,100,100
0.5,hyperbola,500,0.4,CLOSEFORM-MINQUE0-RIDGE,0.0036,1.0027,11.74,100,100
0.5,hyperbola,500,0.4,GMM,0.0000,0.0000,6.33,0,100
0.5,hyperbola,500,0.4,NUMERICAL-MINQUE-RIDGE,0.0028,1.0298,21.06,100,100
0.5,hyperbola,500,0.4,CLOSEFORM-MINQUE1-RIDGE,0.0082,1.0021,9.97,100,100
0.5,hyperbola,500,0.4,GMM-0,0.0037,0.9957,6.16,99,100
0.5,hyperbola,500,0.4,NUMERICAL-MINQUE-ELASTICNET,0.0041,0.9953,18.45,81,100
0.5,hyperbola,500,0.4,NUMERICAL-MINQUE-LASSO,-0.0116,0.9952,18.31,49,100
0.5,hyperbola,500,0.4,BLUP,0.0091,0.9961,0.31,100,100
0.5,hyperbola,500,0.4,CLOSEFORM-MINQUE0,0.0048,7001.1676,9.88,100,100
0.5,hyperbola,500,0.4,CLOSEFORM-MINQUE1,-0.0090,85.8611,9.70,100,100
0.5,hyperbola,500,0.6,CLOSEFORM-MINQUE0-RIDGE,-0.0035,1.0041,8.70,100,100
0.5,hyperbola,500,0.6,GMM,0.0000,0.0000,4.60,0,100
0.5,hyperbola,500,0.6,NUMERICAL-MINQUE-RIDGE,-0.0045,1.0236,15.57,100,100
0.5,hyperbola,500,0.6,CLOSEFORM-MINQUE1-RIDGE,-0.0060,1.0042,8.32,100,100
0.5,hyperbola,500,0.6,GMM-0,-0.0008,0.9960,4.49,100,100
0.5,hyperbola,500,0.6,NUMERICAL-MINQUE-ELASTICNET,-0.0074,0.9954,13.90,73,100
0.5,hyperbola,500,0.6,NUMERICAL-MINQUE-LASSO,-0.0089,0.9952,13.77,57,100
0.5,hyperbola,500,0.6,BLUP,-0.0020,0.9968,0.31,100,100
0.5,hyperbola,500,0.6,CLOSEFORM-MINQUE0,-0.0053,89.4262,8.15,100,100
0.5,hyperbola,500,0.6,CLOSEFORM-MINQUE1,0.0025,57.6540,8.07,100,100
0.5,hyperbola,500,0.8,CLOSEFORM-MINQUE0-RIDGE,0.0025,1.0018,10.20,100,100
0.5,hyperbola,500,0.8,GMM,0.0000,0.0000,5.46,0,100
0.5,hyperbola,500,0.8,NUMERICAL-MINQUE-RIDGE,0.0027,1.0249,18.34,100,100
0.5,hyperbola,500,0.8,CLOSEFORM-MINQUE1-RIDGE,0.0097,1.0004,9.70,100,100
0.5,hyperbola,500,0.8,GMM-0,-0.0017,0.9956,5.40,99,100
0.5,hyperbola,500,0.8,NUMERICAL-MINQUE-ELASTICNET,0.0018,0.9951,15.87,83,100
0.5,hyperbola,500,0.8,NUMERICAL-MINQUE-LASSO,0.0044,0.9950,15.84,53,100
0.5,hyperbola,500,0.8,BLUP,0.0070,0.9955,0.36,100,100
0.5,hyperbola,500,0.8,CLOSEFORM-MINQUE0,-0.0093,84.1072,9.50,100,100
0.5,hyperbola,500,0.8,CLOSEFORM-MINQUE1,-0.0166,308.9869,9.54,100,100
0.5,hyperbola,500,1,CLOSEFORM-MINQUE0-RIDGE,0.0040,1.0027,15.36,100,100
0.5,hyperbola,500,1,GMM,0.0000,0.0000,9.00,0,100
0.5,hyperbola,500,1,NUMERICAL-MINQUE-RIDGE,0.0032,1.0235,29.68,100,100
0.5,hyperbola,500,1,CLOSEFORM-MINQUE1-RIDGE,0.0075,1.0015,13.67,100,100
0.5,hyperbola,500,1,GMM-0,0.0036,0.9958,8.85,100,100
0.5,hyperbola,500,1,NUMERICAL-MINQUE-ELASTICNET,-0.0041,0.9952,25.38,78,100
0.5,hyperbola,500,1,NUMERICAL-MINQUE-LASSO,-0.0077,0.9950,25.23,58,100
0.5,hyperbola,500,1,BLUP,0.0023,0.9963,0.41,100,100
0.5,hyperbola,500,1,CLOSEFORM-MINQUE0,-0.0049,3.7996,13.36,100,100
0.5,hyperbola,500,1,CLOSEFORM-MINQUE1,0.0018,28.8696,13.54,100,100
0.5,linear,1000,0.2,CLOSEFORM-MINQUE0-RIDGE,0.4837,0.7654,8.88,100,100
0.5,linear,1000,0.2,GMM,0.3798,0.9311,5.54,78,100
0.5,linear,1000,0.2,NUMERICAL-MINQUE-RIDGE,0.4624,0.8238,16.94,100,100
0.5,linear,1000,0.2,CLOSEFORM-MINQUE1-RIDGE,0.4858,0.7635,8.94,100,100
0.5,linear,1000,0.2,GMM-0,0.4699,0.8168,5.42,100,100
0.5,linear,1000,0.2,NUMERICAL-MINQUE-ELASTICNET,0.4636,0.8394,13.84,100,100
0.5,linear,1000,0.2,NUMERICAL-MINQUE-LASSO,0.4577,0.8542,13.94,100,100
0.5,linear,1000,0.2,BLUP,0.3017,0.9049,0.30,100,100
0.5,linear,1000,0.2,CLOSEFORM-MINQUE0,0.0707,1349.9013,8.84,100,100
0.5,linear,1000,0.2,CLOSEFORM-MINQUE1,0.1503,18881.0720,8.95,100,100
0.5,linear,1000,0.4,CLOSEFORM-MINQUE0-RIDGE,0.3904,0.8465,10.46,100,100
0.5,linear,1000,0.4,GMM,0.2097,0.9808,5.36,9,100
0.5,linear,1000,0.4,NUMERICAL-MINQUE-RIDGE,0.3821,0.8888,18.94,100,100
0.5,linear,1000,0.4,CLOSEFORM-MINQUE1-RIDGE,0.3936,0.8435,9.71,100,100
0.5,linear,1000,0.4,GMM-0,0.3793,0.8827,5.20,100,100
0.5,linear,1000,0.4,NUMERICAL-MINQUE-ELASTICNET,0.3653,0.9074,14.97,100,100
0.5,linear,1000,0.4,NUMERICAL-MINQUE-LASSO,0.3446,0.9278,15.18,100,100
0.5,linear,1000,0.4,BLUP,0.2917,0.9135,0.32,100,100
0.5,linear,1000,0.4,CLOSEFORM-MINQUE0,0.0687,1048.1599,9.46,100,100
0.5,linear,1000,0.4,CLOSEFORM-MINQUE1,0.1782,4764.5400,9.49,100,100
0.5,linear,1000,0.6,CLOSEFORM-MINQUE0-RIDGE,0.3481,0.8757,8.89,100,100
0.5,linear,1000,0.6,GMM,0.0000,0.0000,4.62,0,100
0.5,linear,1000,0.6,NUMERICAL-MINQUE-RIDGE,0.3381,0.9145,16.11,100,100
0.5,linear,1000,0.6,CLOSEFORM-MINQUE1-RIDGE,0.3515,0.8726,8.60,100,100
0.5,linear,1000,0.6,GMM-0,0.3374,0.9079,4.55,100,100
0.5,linear,1000,0.6,NUMERICAL-MINQUE-ELASTICNET,0.3166,0.9354,13.06,100,100
0.5,linear,1000,0.6,NUMERICAL-MINQUE-LASSO,0.2856,0.9546,13.01,99,100
0.5,linear,1000,0.6,BLUP,0.3017,0.9056,0.33,100,100
0.5,linear,1000,0.6,CLOSEFORM-MINQUE0,0.1050,140.8710,8.54,100,100
0.5,linear,1000,0.6,CLOSEFORM-MINQUE1,0.2037,17.1052,8.56,100,100
0.5,linear,1000,0.8,CLOSEFORM-MINQUE0-RIDGE,0.2879,0.9153,9.22,100,100
0.5,linear,1000,0.8,GMM,0.0000,0.0000,5.05,0,100
0.5,linear,1000,0.8,NUMERICAL-MINQUE-RIDGE,0.2796,0.9520,16.81,100,100
0.5,linear,1000,0.8,CLOSEFORM-MINQUE1-RIDGE,0.2961,0.9087,9.18,100,100
0.5,linear,1000,0.8,GMM-0,0.2767,0.9340,5.01,100,100
0.5,linear,1000,0.8,NUMERICAL-MINQUE-ELASTICNET,0.2377,0.9587,13.89,100,100
0.5,linear,1000,0.8,NUMERICAL-MINQUE-LASSO,0.1956,0.9734,13.93,100,100
0.5,linear,1000,0.8,BLUP,0.2914,0.9122,0.37,100,100
0.5,linear,1000,0.8,CLOSEFORM-MINQUE0,0.0858,108.7616,9.07,100,100
0.5,linear,1000,0.8,CLOSEFORM-MINQUE1,0.1749,2.4661,9.23,100,100
0.5,linear,1000,1,CLOSEFORM-MINQUE0-RIDGE,0.2702,0.9254,12.50,100,100
0.5,linear,1000,1,GMM,0.1486,0.9734,5.95,1,100
0.5,linear,1000,1,NUMERICAL-MINQUE-RIDGE,0.2627,0.9591,20.04,100,100
0.5,linear,1000,1,CLOSEFORM-MINQUE1-RIDGE,0.2789,0.9189,10.58,100,100
0.5,linear,1000,1,GMM-0,0.2615,0.9429,5.86,100,100
0.5,linear,1000,1,NUMERICAL-MINQUE-ELASTICNET,0.2219,0.9669,16.50,100,100
0.5,linear,1000,1,NUMERICAL-MINQUE-LASSO,0.1810,0.9809,16.48,100,100
0.5,linear,1000,1,BLUP,0.2975,0.9086,0.38,100,100
0.5,linear,1000,1,CLOSEFORM-MINQUE0,0.1056,195.5284,10.47,100,100
0.5,linear,1000,1,CLOSEFORM-MINQUE1,0.1729,1.2483,10.46,100,100
0.5,linear,100,0.2,CLOSEFORM-MINQUE0-RIDGE,0.6288,0.6044,10.25,100,100
0.5,linear,100,0.2,GMM,0.6067,0.6608,5.17,100,100
0.5,linear,100,0.2,NUMERICAL-MINQUE-RIDGE,0.6043,0.6537,17.84,100,100
0.5,linear,100,0.2,CLOSEFORM-MINQUE1-RIDGE,0.6289,0.6025,9.12,100,100
0.5,linear,100,0.2,GMM-0,0.6202,0.6336,5.00,100,100
0.5,linear,100,0.2,NUMERICAL-MINQUE-ELASTICNET,0.6207,0.6330,16.19,100,100
0.5,linear,100,0.2,NUMERICAL-MINQUE-LASSO,0.6166,0.6424,15.95,100,100
0.5,linear,100,0.2,BLUP,0.5359,0.7100,0.30,100,100
0.5,linear,100,0.2,CLOSEFORM-MINQUE0,0.0558,3583.1444,9.00,100,100
0.5,linear,100,0.2,CLOSEFORM-MINQUE1,0.2459,336.6863,8.94,100,100
0.5,linear,100,0.4,CLOSEFORM-MINQUE0-RIDGE,0.5910,0.6502,8.31,100,100
0.5,linear,100,0.4,GMM,0.5389,0.7406,4.62,100,100
0.5,linear,100,0.4,NUMERICAL-MINQUE-RIDGE,0.5666,0.7119,15.49,100,100
0.5,linear,100,0.4,CLOSEFORM-MINQUE1-RIDGE,0.5947,0.6441,8.08,100,100
0.5,linear,100,0.4,GMM-0,0.5785,0.6853,4.44,100,100
0.5,linear,100,0.4,NUMERICAL-MINQUE-ELASTICNET,0.5750,0.6903,14.43,100,100
0.5,linear,100,0.4,NUMERICAL-MINQUE-LASSO,0.5657,0.7061,14.26,100,100
0.5,linear,100,0.4,BLUP,0.5444,0.7007,0.29,100,100
0.5,linear,100,0.4,CLOSEFORM-MINQUE0,0.0637,21014.2596,8.06,100,100
0.5,linear,100,0.4,CLOSEFORM-MINQUE1,0.2374,271.0108,8.08,100,100
0.5,linear,100,0.6,CLOSEFORM-MINQUE0-RIDGE,0.5707,0.6736,10.40,100,100
0.5,linear,100,0.6,GMM,0.4638,0.8220,5.14,99,100
0.5,linear,100,0.6,NUMERICAL-MINQUE-RIDGE,0.5441,0.7430,17.08,100,100
0.5,linear,100,0.6,CLOSEFORM-MINQUE1-RIDGE,0.5771,0.6649,8.92,100,100
0.5,linear,100,0.6,GMM-0,0.5549,0.7198,5.00,100,100
0.5,linear,100,0.6,NUMERICAL-MINQUE-ELASTICNET,0.5461,0.7304,15.62,100,100
0.5,linear,100,0.6,NUMERICAL-MINQUE-LASSO,0.5335,0.7517,15.58,100,100
0.5,linear,100,0.6,BLUP,0.5532,0.6909,0.34,100,100
0.5,linear,100,0.6,CLOSEFORM-MINQUE0,0.0519,414.1772,8.90,100,100
0.5,linear,100,0.6,CLOSEFORM-MINQUE1,0.3058,238.4751,8.83,100,100
0.5,linear,100,0.8,CLOSEFORM-MINQUE0-RIDGE,0.5349,0.7120,11.71,100,100
0.5,linear,100,0.8,GMM,0.3862,0.8712,6.43,95,100
0.5,linear,100,0.8,NUMERICAL-MINQUE-RIDGE,0.5142,0.7804,20.44,100,100
0.5,linear,100,0.8,CLOSEFORM-MINQUE1-RIDGE,0.5423,0.7033,10.33,100,100
0.5,linear,100,0.8,GMM-0,0.5175,0.7522,6.23,100,100
0.5,linear,100,0.8,NUMERICAL-MINQUE-ELASTICNET,0.5063,0.7649,19.23,100,100
0.5,linear,100,0.8,NUMERICAL-MINQUE-LASSO,0.4837,0.7942,18.70,100,100
0.5,linear,100,0.8,BLUP,0.5390,0.7064,0.29,100,100
0.5,linear,100,0.8,CLOSEFORM-MINQUE0,0.0342,11774.1309,10.03,100,100
0.5,linear,100,0.8,CLOSEFORM-MINQUE1,0.2917,17.5054,10.07,100,100
0.5,linear,100,1,CLOSEFORM-MINQUE0-RIDGE,0.5180,0.7284,11.01,100,100
0.5,linear,100,1,GMM,0.3140,0.9131,5.40,87,100
0.5,linear,100,1,NUMERICAL-MINQUE-RIDGE,0.5010,0.7928,18.43,100,100
0.5,linear,100,1,CLOSEFORM-MINQUE1-RIDGE,0.5336,0.7121,9.25,100,100
0.5,linear,100,1,GMM-0,0.4985,0.7712,5.28,100,100
0.5,linear,100,1,NUMERICAL-MINQUE-ELASTICNET,0.4787,0.7892,16.94,100,100
0.5,linear,100,1,NUMERICAL-MINQUE-LASSO,0.4470,0.8243,16.66,100,100
0.5,linear,100,1,BLUP,0.5508,0.6930,0.36,100,100
0.5,linear,100,1,CLOSEFORM-MINQUE0,0.0533,3933996.1653,9.26,100,100
0.5,linear,100,1,CLOSEFORM-MINQUE1,0.3313,26.2078,9.30,100,100
0.5,linear,20,0.2,CLOSEFORM-MINQUE0-RIDGE,0.6602,0.5635,10.59,100,100
0.5,linear,20,0.2,GMM,0.6496,0.5913,4.97,100,100
0.5,linear,20,0.2,NUMERICAL-MINQUE-RIDGE,0.6668,0.5619,16.44,100,100
0.5,linear,20,0.2,CLOSEFORM-MINQUE1-RIDGE,0.6660,0.5549,9.00,100,100
0.5,linear,20,0.2,GMM-0,0.6631,0.5699,4.87,100,100
0.5,linear,20,0.2,NUMERICAL-MINQUE-ELASTICNET,0.6628,0.5706,15.51,100,100
0.5,linear,20,0.2,NUMERICAL-MINQUE-LASSO,0.6613,0.5735,15.41,100,100
0.5,linear,20,0.2,BLUP,0.6402,0.5876,0.39,100,100
0.5,linear,20,0.2,CLOSEFORM-MINQUE0,0.0932,320.0666,8.92,100,100
0.5,linear,20,0.2,CLOSEFORM-MINQUE1,0.2545,223153.2467,8.81,100,100
0.5,linear,20,0.4,CLOSEFORM-MINQUE0-RIDGE,0.6481,0.5781,11.88,100,100
0.5,linear,20,0.4,GMM,0.6110,0.6392,6.56,100,100
0.5,linear,20,0.4,NUMERICAL-MINQUE-RIDGE,0.6516,0.5801,21.53,100,100
0.5,linear,20,0.4,CLOSEFORM-MINQUE1-RIDGE,0.6574,0.5657,10.19,100,100
0.5,linear,20,0.4,GMM-0,0.6459,0.5917,6.33,100,100
0.5,linear,20,0.4,NUMERICAL-MINQUE-ELASTICNET,0.6423,0.5966,20.28,100,100
0.5,linear,20,0.4,NUMERICAL-MINQUE-LASSO,0.6380,0.6033,20.03,100,100
0.5,linear,20,0.4,BLUP,0.6484,0.5767,0.30,100,100
0.5,linear,20,0.4,CLOSEFORM-MINQUE0,0.0999,66544.3171,10.04,100,100
0.5,linear,20,0.4,CLOSEFORM-MINQUE1,0.3052,685.5257,10.22,100,100
0.5,linear,20,0.6,CLOSEFORM-MINQUE0-RIDGE,0.6360,0.5934,9.38,100,100
0.5,linear,20,0.6,GMM,0.5841,0.6746,4.56,100,100
0.5,linear,20,0.6,NUMERICAL-MINQUE-RIDGE,0.6375,0.5996,15.76,100,100
0.5,linear,20,0.6,CLOSEFORM-MINQUE1-RIDGE,0.6443,0.5822,8.40,100,100
0.5,linear,20,0.6,GMM-0,0.6298,0.6145,4.40,100,100
0.5,linear,20,0.6,NUMERICAL-MINQUE-ELASTICNET,0.6238,0.6226,14.76,100,100
0.5,linear,20,0.6,NUMERICAL-MINQUE-LASSO,0.6163,0.6337,14.67,100,100
0.5,linear,20,0.6,BLUP,0.6467,0.5791,0.34,100,100
0.5,linear,20,0.6,CLOSEFORM-MINQUE0,0.0887,1313.3593,8.25,100,100
0.5,linear,20,0.6,CLOSEFORM-MINQUE1,0.2697,30.2218,8.12,100,100
0.5,linear,20,0.8,CLOSEFORM-MINQUE0-RIDGE,0.6304,0.6007,12.60,100,100
0.5,linear,20,0.8,GMM,0.5639,0.6990,7.44,100,100
0.5,linear,20,0.8,NUMERICAL-MINQUE-RIDGE,0.6301,0.6098,25.10,100,100
0.5,linear,20,0.8,CLOSEFORM-MINQUE1-RIDGE,0.6427,0.5850,11.13,100,100
0.5,linear,20,0.8,GMM-0,0.6206,0.6273,7.21,100,100
0.5,linear,20,0.8,NUMERICAL-MINQUE-ELASTICNET,0.6117,0.6387,23.55,100,100
0.5,linear,20,0.8,NUMERICAL-MINQUE-LASSO,0.6009,0.6534,23.20,100,100
0.5,linear,20,0.8,BLUP,0.6544,0.5695,0.32,100,100
0.5,linear,20,0.8,CLOSEFORM-MINQUE0,0.1025,2875.2405,11.06,100,100
0.5,linear,20,0.8,CLOSEFORM-MINQUE1,0.3002,5501.4436,11.12,100,100
0.5,linear,20,1,CLOSEFORM-MINQUE0-RIDGE,0.6126,0.6227,12.95,100,100
0.5,linear,20,1,GMM,0.5326,0.7282,7.00,100,100
0.5,linear,20,1,NUMERICAL-MINQUE-RIDGE,0.6170,0.6243,23.58,100,100
0.5,linear,20,1,CLOSEFORM-MINQUE1-RIDGE,0.6290,0.6018,11.05,100,100
0.5,linear,20,1,GMM-0,0.6077,0.6416,6.77,100,100
0.5,linear,20,1,NUMERICAL-MINQUE-ELASTICNET,0.5955,0.6563,22.29,100,100
0.5,linear,20,1,NUMERICAL-MINQUE-LASSO,0.5812,0.6747,21.89,100,100
0.5,linear,20,1,BLUP,0.6509,0.5735,0.31,100,100
0.5,linear,20,1,CLOSEFORM-MINQUE0,0.0972,4973.0710,10.79,100,100
0.5,linear,20,1,CLOSEFORM-MINQUE1,0.3323,392.6312,10.67,100,100
0.5,linear,500,0.2,CLOSEFORM-MINQUE0-RIDGE,0.5363,0.7115,11.54,100,100
0.5,linear,500,0.2,GMM,0.4727,0.8418,6.09,99,100
0.5,linear,500,0.2,NUMERICAL-MINQUE-RIDGE,0.5077,0.7924,18.99,100,100
0.5,linear,500,0.2,CLOSEFORM-MINQUE1-RIDGE,0.5388,0.7084,9.99,100,100
0.5,linear,500,0.2,GMM-0,0.5179,0.7640,5.88,100,100
0.5,linear,500,0.2,NUMERICAL-MINQUE-ELASTICNET,0.5147,0.7765,15.65,100,100
0.5,linear,500,0.2,NUMERICAL-MINQUE-LASSO,0.5085,0.7903,15.46,100,100
0.5,linear,500,0.2,BLUP,0.3695,0.8601,0.32,100,100
0.5,linear,500,0.2,CLOSEFORM-MINQUE0,0.0444,17074.8686,9.64,100,100
0.5,linear,500,0.2,CLOSEFORM-MINQUE1,0.1693,293.6687,9.69,100,100
0.5,linear,500,0.4,CLOSEFORM-MINQUE0-RIDGE,0.4697,0.7781,11.82,100,100
0.5,linear,500,0.4,GMM,0.3091,0.9396,6.47,47,100
0.5,linear,500,0.4,NUMERICAL-MINQUE-RIDGE,0.4513,0.8457,21.12,100,100
0.5,linear,500,0.4,CLOSEFORM-MINQUE1-RIDGE,0.4753,0.7725,10.48,100,100
0.5,linear,500,0.4,GMM-0,0.4530,0.8278,6.35,100,100
0.5,linear,500,0.4,NUMERICAL-MINQUE-ELASTICNET,0.4409,0.8520,17.37,100,100
0.5,linear,500,0.4,NUMERICAL-MINQUE-LASSO,0.4281,0.8709,17.19,100,100
0.5,linear,500,0.4,BLUP,0.3789,0.8526,0.34,100,100
0.5,linear,500,0.4,CLOSEFORM-MINQUE0,0.0482,3874.9209,10.34,100,100
0.5,linear,500,0.4,CLOSEFORM-MINQUE1,0.1836,25.2809,10.23,100,100
0.5,linear,500,0.6,CLOSEFORM-MINQUE0-RIDGE,0.4274,0.8150,11.40,100,100
0.5,linear,500,0.6,GMM,0.2442,0.9592,5.46,21,100
0.5,linear,500,0.6,NUMERICAL-MINQUE-RIDGE,0.4114,0.8781,18.34,100,100
0.5,linear,500,0.6,CLOSEFORM-MINQUE1-RIDGE,0.4311,0.8126,9.59,100,100
0.5,linear,500,0.6,GMM-0,0.4103,0.8604,5.36,100,100
0.5,linear,500,0.6,NUMERICAL-MINQUE-ELASTICNET,0.3909,0.8874,15.05,100,100
0.5,linear,500,0.6,NUMERICAL-MINQUE-LASSO,0.3643,0.9106,15.08,100,100
0.5,linear,500,0.6,BLUP,0.3839,0.8489,0.38,100,100
0.5,linear,500,0.6,CLOSEFORM-MINQUE0,0.0735,578.4963,9.60,100,100
0.5,linear,500,0.6,CLOSEFORM-MINQUE1,0.2279,65454.2177,9.63,100,100
0.5,linear,500,0.8,CLOSEFORM-MINQUE0-RIDGE,0.3770,0.8551,9.96,100,100
0.5,linear,500,0.8,GMM,0.0908,0.9926,5.74,3,100
0.5,linear,500,0.8,NUMERICAL-MINQUE-RIDGE,0.3681,0.9170,18.73,100,100
0.5,linear,500,0.8,CLOSEFORM-MINQUE1-RIDGE,0.3854,0.8486,9.90,100,100
0.5,linear,500,0.8,GMM-0,0.3599,0.8919,5.71,100,100
0.5,linear,500,0.8,NUMERICAL-MINQUE-ELASTICNET,0.3331,0.9198,15.38,100,100
0.5,linear,500,0.8,NUMERICAL-MINQUE-LASSO,0.2984,0.9426,15.16,100,100
0.5,linear,500,0.8,BLUP,0.3715,0.8587,0.38,100,100
0.5,linear,500,0.8,CLOSEFORM-MINQUE0,0.0699,1823.7634,9.75,100,100
0.5,linear,500,0.8,CLOSEFORM-MINQUE1,0.2225,34.6724,9.96,100,100
0.5,linear,500,1,CLOSEFORM-MINQUE0-RIDGE,0.3501,0.8759,9.96,100,100
0.5,linear,500,1,GMM,0.2286,0.9543,4.81,3,100
0.5,linear,500,1,NUMERICAL-MINQUE-RIDGE,0.3365,0.9460,16.71,100,100
0.5,linear,500,1,CLOSEFORM-MINQUE1-RIDGE,0.3578,0.8685,8.67,100,100
0.5,linear,500,1,GMM-0,0.3388,0.9029,4.69,100,100
0.5,linear,500,1,NUMERICAL-MINQUE-ELASTICNET,0.3070,0.9314,13.97,100,100
0.5,linear,500,1,NUMERICAL-MINQUE-LASSO,0.2665,0.9534,13.80,100,100
0.5,linear,500,1,BLUP,0.3781,0.8544,0.28,100,100
0.5,linear,500,1,CLOSEFORM-MINQUE0,0.0964,29116.8047,8.68,100,100
0.5,linear,500,1,CLOSEFORM-MINQUE1,0.2409,1.6210,8.53,100,100
0.5,rickercurve,1000,0.2,CLOSEFORM-MINQUE0-RIDGE,-0.0065,1.0039,8.44,100,100
0.5,rickercurve,1000,0.2,GMM,0.0000,0.0000,4.53,0,100
0.5,rickercurve,1000,0.2,NUMERICAL-MINQUE-RIDGE,-0.0051,1.0298,15.42,100,100
0.5,rickercurve,1000,0.2,CLOSEFORM-MINQUE1-RIDGE,-0.0112,1.0041,8.39,100,100
0.5,rickercurve,1000,0.2,GMM-0,-0.0084,0.9963,4.41,100,100
0.5,rickercurve,1000,0.2,NUMERICAL-MINQUE-ELASTICNET,0.0090,0.9950,12.94,32,100
0.5,rickercurve,1000,0.2,NUMERICAL-MINQUE-LASSO,0.0129,0.9950,12.81,32,100
0.5,rickercurve,1000,0.2,BLUP,-0.0060,0.9964,0.31,100,100
0.5,rickercurve,1000,0.2,CLOSEFORM-MINQUE0,0.0110,62.5651,8.33,100,100
0.5,rickercurve,1000,0.2,CLOSEFORM-MINQUE1,0.0054,250.7620,8.33,100,100
0.5,rickercurve,1000,0.4,CLOSEFORM-MINQUE0-RIDGE,-0.0063,1.0053,10.61,100,100
0.5,rickercurve,1000,0.4,GMM,0.0000,0.0000,4.66,0,100
0.5,rickercurve,1000,0.4,NUMERICAL-MINQUE-RIDGE,-0.0066,1.0328,15.86,100,100
0.5,rickercurve,1000,0.4,CLOSEFORM-MINQUE1-RIDGE,-0.0090,1.0059,9.05,100,100
0.5,rickercurve,1000,0.4,GMM-0,-0.0079,0.9963,4.58,99,100
0.5,rickercurve,1000,0.4,NUMERICAL-MINQUE-ELASTICNET,-0.0038,0.9951,13.32,53,100
0.5,rickercurve,1000,0.4,NUMERICAL-MINQUE-LASSO,-0.0027,0.9950,13.34,41,100
0.5,rickercurve,1000,0.4,BLUP,0.0015,0.9967,0.36,100,100
0.5,rickercurve,1000,0.4,CLOSEFORM-MINQUE0,0.0060,17.4392,8.90,100,100
0.5,rickercurve,1000,0.4,CLOSEFORM-MINQUE1,0.0010,1496.7941,8.83,100,100
0.5,rickercurve,1000,0.6,CLOSEFORM-MINQUE0-RIDGE,0.0050,1.0031,10.79,100,100
0.5,rickercurve,1000,0.6,GMM,0.0000,0.0000,4.96,0,100
0.5,rickercurve,1000,0.6,NUMERICAL-MINQUE-RIDGE,0.0024,1.0207,17.17,100,100
0.5,rickercurve,1000,0.6,CLOSEFORM-MINQUE1-RIDGE,0.0024,1.0036,9.39,100,100
0.5,rickercurve,1000,0.6,GMM-0,0.0042,0.9957,4.87,100,100
0.5,rickercurve,1000,0.6,NUMERICAL-MINQUE-ELASTICNET,0.0047,0.9952,14.37,61,100
0.5,rickercurve,1000,0.6,NUMERICAL-MINQUE-LASSO,0.0072,0.9950,14.38,43,100
0.5,rickercurve,1000,0.6,BLUP,0.0038,0.9958,0.37,100,100
0.5,rickercurve,1000,0.6,CLOSEFORM-MINQUE0,0.0034,49.2512,9.22,100,100
0.5,rickercurve,1000,0.6,CLOSEFORM-MINQUE1,0.0022,27.4808,9.29,100,100
0.5,rickercurve,1000,0.8,CLOSEFORM-MINQUE0-RIDGE,0.0191,1.0006,12.93,100,100
0.5,rickercurve,1000,0.8,GMM,0.0000,0.0000,6.72,0,100
0.5,rickercurve,1000,0.8,NUMERICAL-MINQUE-RIDGE,0.0192,1.0118,21.72,100,100
0.5,rickercurve,1000,0.8,CLOSEFORM-MINQUE1-RIDGE,0.0177,0.9994,11.22,100,100
0.5,rickercurve,1000,0.8,GMM-0,0.0190,0.9949,6.61,100,100
0.5,rickercurve,1000,0.8,NUMERICAL-MINQUE-ELASTICNET,0.0122,0.9949,18.05,68,100
0.5,rickercurve,1000,0.8,NUMERICAL-MINQUE-LASSO,-0.0006,0.9949,18.17,43,100
0.5,rickercurve,1000,0.8,BLUP,0.0181,0.9957,0.39,100,100
0.5,rickercurve,1000,0.8,CLOSEFORM-MINQUE0,-0.0039,2.6532,11.15,100,100
0.5,rickercurve,1000,0.8,CLOSEFORM-MINQUE1,0.0076,12.1720,11.06,100,100
0.5,rickercurve,1000,1,CLOSEFORM-MINQUE0-RIDGE,-0.0027,1.0029,10.98,100,100
0.5,rickercurve,1000,1,GMM,0.0000,0.0000,5.02,0,100
0.5,rickercurve,1000,1,NUMERICAL-MINQUE-RIDGE,-0.0013,1.0170,16.79,100,100
0.5,rickercurve,1000,1,CLOSEFORM-MINQUE1-RIDGE,-0.0009,1.0025,9.59,100,100
0.5,rickercurve,1000,1,GMM-0,-0.0048,0.9958,4.94,99,100
0.5,rickercurve,1000,1,NUMERICAL-MINQUE-ELASTICNET,0.0082,0.9951,14.08,71,100
0.5,rickercurve,1000,1,NUMERICAL-MINQUE-LASSO,0.0045,0.9950,13.93,45,100
0.5,rickercurve,1000,1,BLUP,0.0020,0.9958,0.37,100,100
0.5,rickercurve,1000,1,CLOSEFORM-MINQUE0,-0.0014,14245.2541,9.52,100,100
0.5,rickercurve,1000,1,CLOSEFORM-MINQUE1,-0.0048,8.4645,9.34,100,100
0.5,rickercurve,100,0.2,CLOSEFORM-MINQUE0-RIDGE,0.1036,0.9867,8.69,100,100
0.5,rickercurve,100,0.2,GMM,0.0000,0.0000,4.43,0,100
0.5,rickercurve,100,0.2,NUMERICAL-MINQUE-RIDGE,0.0820,1.0099,14.83,100,100
0.5,rickercurve,100,0.2,CLOSEFORM-MINQUE1-RIDGE,0.1096,0.9887,8.06,100,100
0.5,rickercurve,100,0.2,GMM-0,0.0271,0.9942,4.29,100,100
0.5,rickercurve,100,0.2,NUMERICAL-MINQUE-ELASTICNET,0.1002,0.9871,14.03,81,100
0.5,rickercurve,100,0.2,NUMERICAL-MINQUE-LASSO,0.1057,0.9881,13.72,72,100
0.5,rickercurve,100,0.2,BLUP,0.0250,0.9949,0.31,100,100
0.5,rickercurve,100,0.2,CLOSEFORM-MINQUE0,0.0112,2314.0416,8.07,100,100
0.5,rickercurve,100,0.2,CLOSEFORM-MINQUE1,0.0204,385.5042,8.00,100,100
0.5,rickercurve,100,0.4,CLOSEFORM-MINQUE0-RIDGE,0.0891,0.9911,8.74,100,100
0.5,rickercurve,100,0.4,GMM,0.0000,0.0000,4.61,0,100
0.5,rickercurve,100,0.4,NUMERICAL-MINQUE-RIDGE,0.0685,1.0039,15.77,100,100
0.5,rickercurve,100,0.4,CLOSEFORM-MINQUE1-RIDGE,0.0900,0.9956,8.36,100,100
0.5,rickercurve,100,0.4,GMM-0,0.0066,0.9956,4.46,100,100
0.5,rickercurve,100,0.4,NUMERICAL-MINQUE-ELASTICNET,0.0710,0.9921,14.77,97,100
0.5,rickercurve,100,0.4,NUMERICAL-MINQUE-LASSO,0.0726,0.9933,14.57,84,100
0.5,rickercurve,100,0.4,BLUP,0.0101,0.9961,0.29,100,100
0.5,rickercurve,100,0.4,CLOSEFORM-MINQUE0,0.0281,155.4184,8.24,100,100
0.5,rickercurve,100,0.4,CLOSEFORM-MINQUE1,0.0148,155.6528,8.25,100,100
0.5,rickercurve,100,0.6,CLOSEFORM-MINQUE0-RIDGE,0.0666,0.9970,8.86,100,100
0.5,rickercurve,100,0.6,GMM,0.0000,0.0000,4.91,0,100
0.5,rickercurve,100,0.6,NUMERICAL-MINQUE-RIDGE,0.0470,1.0003,16.76,100,100
0.5,rickercurve,100,0.6,CLOSEFORM-MINQUE1-RIDGE,0.0666,1.0029,8.57,100,100
0.5,rickercurve,100,0.6,GMM-0,0.0021,0.9960,4.74,100,100
0.5,rickercurve,100,0.6,NUMERICAL-MINQUE-ELASTICNET,0.0426,0.9936,16.03,93,100
0.5,rickercurve,100,0.6,NUMERICAL-MINQUE-LASSO,0.0328,0.9942,15.78,80,100
0.5,rickercurve,100,0.6,BLUP,0.0050,0.9971,0.29,100,100
0.5,rickercurve,100,0.6,CLOSEFORM-MINQUE0,0.0003,23.6716,8.48,100,100
0.5,rickercurve,100,0.6,CLOSEFORM-MINQUE1,0.0191,2312.0693,8.53,100,100
0.5,rickercurve,100,0.8,CLOSEFORM-MINQUE0-RIDGE,0.0634,0.9965,9.71,100,100
0.5,rickercurve,100,0.8,GMM,0.0000,0.0000,4.78,0,100
0.5,rickercurve,100,0.8,NUMERICAL-MINQUE-RIDGE,0.0463,0.9952,16.52,100,100
0.5,rickercurve,100,0.8,CLOSEFORM-MINQUE1-RIDGE,0.0630,1.0023,8.78,100,100
0.5,rickercurve,100,0.8,GMM-0,0.0145,0.9954,4.63,100,100
0.5,rickercurve,100,0.8,NUMERICAL-MINQUE-ELASTICNET,0.0341,0.9941,15.69,97,100
0.5,rickercurve,100,0.8,NUMERICAL-MINQUE-LASSO,0.0259,0.9946,15.41,85,100
0.5,rickercurve,100,0.8,BLUP,0.0192,0.9958,0.28,100,100
0.5,rickercurve,100,0.8,CLOSEFORM-MINQUE0,0.0050,323.7341,8.67,100,100
0.5,rickercurve,100,0.8,CLOSEFORM-MINQUE1,0.0003,1964.0401,8.53,100,100
0.5,rickercurve,100,1,CLOSEFORM-MINQUE0-RIDGE,0.0484,0.9993,14.00,100,100
0.5,rickercurve,100,1,GMM,0.0000,0.0000,8.20,0,100
0.5,rickercurve,100,1,NUMERICAL-MINQUE-RIDGE,0.0329,0.9948,27.57,100,100
0.5,rickercurve,100,1,CLOSEFORM-MINQUE1-RIDGE,0.0496,1.0048,12.21,100,100
0.5,rickercurve,100,1,GMM-0,0.0038,0.9957,7.98,100,100
0.5,rickercurve,100,1,NUMERICAL-MINQUE-ELASTICNET,0.0256,0.9948,25.88,98,100
0.5,rickercurve,100,1,NUMERICAL-MINQUE-LASSO,0.0247,0.9949,25.38,87,100
0.5,rickercurve,100,1,BLUP,0.0024,0.9960,0.32,100,100
0.5,rickercurve,100,1,CLOSEFORM-MINQUE0,-0.0012,616.3476,12.04,100,100
0.5,rickercurve,100,1,CLOSEFORM-MINQUE1,0.0118,235809.7956,12.01,100,100
0.5,rickercurve,20,0.2,CLOSEFORM-MINQUE0-RIDGE,0.2221,0.9335,9.46,100,100
0.5,rickercurve,20,0.2,GMM,0.2628,0.9180,4.45,7,100
0.5,rickercurve,20,0.2,NUMERICAL-MINQUE-RIDGE,0.2011,0.9463,15.28,100,100
0.5,rickercurve,20,0.2,CLOSEFORM-MINQUE1-RIDGE,0.2321,0.9359,8.25,100,100
0.5,rickercurve,20,0.2,GMM-0,0.0975,0.9816,4.32,100,100
0.5,rickercurve,20,0.2,NUMERICAL-MINQUE-ELASTICNET,0.2250,0.9490,14.34,79,100
0.5,rickercurve,20,0.2,NUMERICAL-MINQUE-LASSO,0.2185,0.9538,14.27,73,100
0.5,rickercurve,20,0.2,BLUP,0.0757,0.9868,0.34,100,100
0.5,rickercurve,20,0.2,CLOSEFORM-MINQUE0,0.0423,269.4949,8.13,100,100
0.5,rickercurve,20,0.2,CLOSEFORM-MINQUE1,0.0362,1689.3594,8.07,100,100
0.5,rickercurve,20,0.4,CLOSEFORM-MINQUE0-RIDGE,0.3209,0.8893,9.94,100,100
0.5,rickercurve,20,0.4,GMM,0.1727,0.9630,4.73,6,100
0.5,rickercurve,20,0.4,NUMERICAL-MINQUE-RIDGE,0.2712,0.9336,16.53,100,100
0.5,rickercurve,20,0.4,CLOSEFORM-MINQUE1-RIDGE,0.3230,0.8896,8.46,100,100
0.5,rickercurve,20,0.4,GMM-0,0.0787,0.9876,4.60,100,100
0.5,rickercurve,20,0.4,NUMERICAL-MINQUE-ELASTICNET,0.2612,0.9503,15.74,100,100
0.5,rickercurve,20,0.4,NUMERICAL-MINQUE-LASSO,0.2545,0.9563,15.42,95,100
0.5,rickercurve,20,0.4,BLUP,0.0727,0.9894,0.30,100,100
0.5,rickercurve,20,0.4,CLOSEFORM-MINQUE0,0.0500,1724.5805,8.42,100,100
0.5,rickercurve,20,0.4,CLOSEFORM-MINQUE1,0.0700,37.1730,8.39,100,100
0.5,rickercurve,20,0.6,CLOSEFORM-MINQUE0-RIDGE,0.3133,0.8981,11.02,100,100
0.5,rickercurve,20,0.6,GMM,0.2238,0.9589,5.93,2,100
0.5,rickercurve,20,0.6,NUMERICAL-MINQUE-RIDGE,0.2748,0.9404,19.75,100,100
0.5,rickercurve,20,0.6,CLOSEFORM-MINQUE1-RIDGE,0.3155,0.8985,9.35,100,100
0.5,rickercurve,20,0.6,GMM-0,0.0598,0.9916,5.78,100,100
0.5,rickercurve,20,0.6,NUMERICAL-MINQUE-ELASTICNET,0.2617,0.9565,19.00,100,100
0.5,rickercurve,20,0.6,NUMERICAL-MINQUE-LASSO,0.2486,0.9636,18.83,99,100
0.5,rickercurve,20,0.6,BLUP,0.0579,0.9940,0.28,100,100
0.5,rickercurve,20,0.6,CLOSEFORM-MINQUE0,0.0636,9895.8682,9.36,100,100
0.5,rickercurve,20,0.6,CLOSEFORM-MINQUE1,0.0663,45.4824,9.30,100,100
0.5,rickercurve,20,0.8,CLOSEFORM-MINQUE0-RIDGE,0.2213,0.9536,10.54,100,100
0.5,rickercurve,20,0.8,GMM,0.0000,0.0000,5.27,0,100
0.5,rickercurve,20,0.8,NUMERICAL-MINQUE-RIDGE,0.1859,0.9669,18.80,100,100
0.5,rickercurve,20,0.8,CLOSEFORM-MINQUE1-RIDGE,0.2275,0.9535,9.06,100,100
0.5,rickercurve,20,0.8,GMM-0,0.0243,0.9951,5.13,100,100
0.5,rickercurve,20,0.8,NUMERICAL-MINQUE-ELASTICNET,0.1724,0.9760,17.84,100,100
0.5,rickercurve,20,0.8,NUMERICAL-MINQUE-LASSO,0.1607,0.9804,17.60,98,100
0.5,rickercurve,20,0.8,BLUP,0.0298,0.9952,0.37,100,100
0.5,rickercurve,20,0.8,CLOSEFORM-MINQUE0,0.0455,36.3236,8.88,100,100
0.5,rickercurve,20,0.8,CLOSEFORM-MINQUE1,0.0502,9448.3112,8.95,100,100
0.5,rickercurve,20,1,CLOSEFORM-MINQUE0-RIDGE,0.1996,0.9638,10.19,100,100
0.5,rickercurve,20,1,GMM,0.0000,0.0000,5.04,0,100
0.5,rickercurve,20,1,NUMERICAL-MINQUE-RIDGE,0.1629,0.9749,17.58,100,100
0.5,rickercurve,20,1,CLOSEFORM-MINQUE1-RIDGE,0.2040,0.9672,8.87,100,100
0.5,rickercurve,20,1,GMM-0,0.0301,0.9939,4.84,99,100
0.5,rickercurve,20,1,NUMERICAL-MINQUE-ELASTICNET,0.1434,0.9821,16.89,100,100
0.5,rickercurve,20,1,NUMERICAL-MINQUE-LASSO,0.1328,0.9849,16.62,98,100
0.5,rickercurve,20,1,BLUP,0.0316,0.9948,0.39,100,100
0.5,rickercurve,20,1,CLOSEFORM-MINQUE0,0.0481,63.5164,8.83,100,100
0.5,rickercurve,20,1,CLOSEFORM-MINQUE1,0.0431,194.5805,8.79,100,100
0.5,rickercurve,500,0.2,CLOSEFORM-MINQUE0-RIDGE,0.0066,1.0018,11.10,100,100
0.5,rickercurve,500,0.2,GMM,0.0000,0.0000,6.01,0,100
0.5,rickercurve,500,0.2,NUMERICAL-MINQUE-RIDGE,0.0135,1.0220,18.94,100,100
0.5,rickercurve,500,0.2,CLOSEFORM-MINQUE1-RIDGE,0.0176,1.0004,9.73,100,100
0.5,rickercurve,500,0.2,GMM-0,-0.0038,0.9958,5.89,100,100
0.5,rickercurve,500,0.2,NUMERICAL-MINQUE-ELASTICNET,0.0099,0.9948,15.76,57,100
0.5,rickercurve,500,0.2,NUMERICAL-MINQUE-LASSO,-0.0027,0.9950,15.69,54,100
0.5,rickercurve,500,0.2,BLUP,0.0043,0.9962,0.35,100,100
0.5,rickercurve,500,0.2,CLOSEFORM-MINQUE0,-0.0006,1410.7202,9.57,100,100
0.5,rickercurve,500,0.2,CLOSEFORM-MINQUE1,0.0065,475.7683,9.52,100,100
0.5,rickercurve,500,0.4,CLOSEFORM-MINQUE0-RIDGE,0.0018,1.0028,11.76,100,100
0.5,rickercurve,500,0.4,GMM,0.0000,0.0000,6.58,0,100
0.5,rickercurve,500,0.4,NUMERICAL-MINQUE-RIDGE,0.0015,1.0305,21.95,100,100
0.5,rickercurve,500,0.4,CLOSEFORM-MINQUE1-RIDGE,0.0026,1.0033,10.16,100,100
0.5,rickercurve,500,0.4,GMM-0,-0.0005,0.9958,6.41,100,100
0.5,rickercurve,500,0.4,NUMERICAL-MINQUE-ELASTICNET,0.0037,0.9950,18.82,65,100
0.5,rickercurve,500,0.4,NUMERICAL-MINQUE-LASSO,0.0011,0.9950,18.33,43,100
0.5,rickercurve,500,0.4,BLUP,0.0069,0.9962,0.32,100,100
0.5,rickercurve,500,0.4,CLOSEFORM-MINQUE0,-0.0032,16.5446,10.03,100,100
0.5,rickercurve,500,0.4,CLOSEFORM-MINQUE1,0.0069,1354.5348,10.00,100,100
0.5,rickercurve,500,0.6,CLOSEFORM-MINQUE0-RIDGE,-0.0038,1.0037,9.61,100,100
0.5,rickercurve,500,0.6,GMM,0.0000,0.0000,4.50,0,100
0.5,rickercurve,500,0.6,NUMERICAL-MINQUE-RIDGE,-0.0053,1.0277,15.24,100,100
0.5,rickercurve,500,0.6,CLOSEFORM-MINQUE1-RIDGE,-0.0020,1.0036,8.51,100,100
0.5,rickercurve,500,0.6,GMM-0,-0.0050,0.9962,4.38,100,100
0.5,rickercurve,500,0.6,NUMERICAL-MINQUE-ELASTICNET,-0.0002,0.9953,13.32,66,100
0.5,rickercurve,500,0.6,NUMERICAL-MINQUE-LASSO,0.0017,0.9951,13.21,41,100
0.5,rickercurve,500,0.6,BLUP,-0.0124,0.9975,0.28,100,100
0.5,rickercurve,500,0.6,CLOSEFORM-MINQUE0,-0.0066,131.9070,8.48,100,100
0.5,rickercurve,500,0.6,CLOSEFORM-MINQUE1,0.0074,472.0886,8.44,100,100
0.5,rickercurve,500,0.8,CLOSEFORM-MINQUE0-RIDGE,0.0013,1.0033,15.91,100,100
0.5,rickercurve,500,0.8,GMM,0.0000,0.0000,8.68,0,100
0.5,rickercurve,500,0.8,NUMERICAL-MINQUE-RIDGE,0.0021,1.0228,29.26,100,100
0.5,rickercurve,500,0.8,CLOSEFORM-MINQUE1-RIDGE,0.0089,1.0013,13.88,100,100
0.5,rickercurve,500,0.8,GMM-0,-0.0024,0.9959,8.58,100,100
0.5,rickercurve,500,0.8,NUMERICAL-MINQUE-ELASTICNET,0.0079,0.9950,24.71,81,100
0.5,rickercurve,500,0.8,NUMERICAL-MINQUE-LASSO,0.0059,0.9951,24.59,57,100
0.5,rickercurve,500,0.8,BLUP,-0.0065,0.9965,0.36,100,100
0.5,rickercurve,500,0.8,CLOSEFORM-MINQUE0,0.0050,282.1717,13.68,100,100
0.5,rickercurve,500,0.8,CLOSEFORM-MINQUE1,-0.0010,11.8831,13.58,100,100
0.5,rickercurve,500,1,CLOSEFORM-MINQUE0-RIDGE,0.0042,1.0023,13.51,100,100
0.5,rickercurve,500,1,GMM,0.0000,0.0000,7.25,0,100
0.5,rickercurve,500,1,NUMERICAL-MINQUE-RIDGE,0.0051,1.0233,23.17,100,100
0.5,rickercurve,500,1,CLOSEFORM-MINQUE1-RIDGE,0.0067,1.0023,12.03,100,100
0.5,rickercurve,500,1,GMM-0,0.0059,0.9953,7.19,99,100
0.5,rickercurve,500,1,NUMERICAL-MINQUE-ELASTICNET,0.0136,0.9949,19.83,76,100
0.5,rickercurve,500,1,NUMERICAL-MINQUE-LASSO,0.0056,0.9950,19.71,55,100
0.5,rickercurve,500,1,BLUP,0.0122,0.9953,0.39,100,100
0.5,rickercurve,500,1,CLOSEFORM-MINQUE0,0.0136,5.6253,11.85,100,100
0.5,rickercurve,500,1,CLOSEFORM-MINQUE1,0.0029,10.5616,11.76,100,100
0.5,square,1000,0.2,CLOSEFORM-MINQUE0-RIDGE,0.0079,1.0020,8.28,100,100
0.5,square,1000,0.2,GMM,0.0000,0.0000,4.41,0,100
0.5,square,1000,0.2,NUMERICAL-MINQUE-RIDGE,0.0076,1.0273,14.68,100,100
0.5,square,1000,0.2,CLOSEFORM-MINQUE1-RIDGE,0.0048,1.0024,8.29,100,100
0.5,square,1000,0.2,GMM-0,0.0071,0.9954,4.30,100,100
0.5,square,1000,0.2,NUMERICAL-MINQUE-ELASTICNET,0.0063,0.9948,12.59,49,100
0.5,square,1000,0.2,NUMERICAL-MINQUE-LASSO,0.0008,0.9950,12.42,42,100
0.5,square,1000,0.2,BLUP,0.0096,0.9955,0.31,100,100
0.5,square,1000,0.2,CLOSEFORM-MINQUE0,-0.0040,1074.4160,8.18,100,100
0.5,square,1000,0.2,CLOSEFORM-MINQUE1,0.0030,92.9985,8.25,100,100
0.5,square,1000,0.4,CLOSEFORM-MINQUE0-RIDGE,-0.0003,1.0032,9.25,100,100
0.5,square,1000,0.4,GMM,0.0000,0.0000,5.17,0,100
0.5,square,1000,0.4,NUMERICAL-MINQUE-RIDGE,-0.0009,1.0250,17.90,100,100
0.5,square,1000,0.4,CLOSEFORM-MINQUE1-RIDGE,-0.0023,1.0042,9.22,100,100
0.5,square,1000,0.4,GMM-0,-0.0005,0.9957,5.08,100,100
0.5,square,1000,0.4,NUMERICAL-MINQUE-ELASTICNET,-0.0127,0.9951,15.20,46,100
0.5,square,1000,0.4,NUMERICAL-MINQUE-LASSO,-0.0077,0.9950,15.15,38,100
0.5,square,1000,0.4,BLUP,0.0029,0.9962,0.32,100,100
0.5,square,1000,0.4,CLOSEFORM-MINQUE0,0.0052,391.2898,9.11,100,100
0.5,square,1000,0.4,CLOSEFORM-MINQUE1,0.0029,15175.8705,9.25,100,100
0.5,square,1000,0.6,CLOSEFORM-MINQUE0-RIDGE,0.0128,1.0011,10.75,100,100
0.5,square,1000,0.6,GMM,0.0000,0.0000,4.60,0,100
0.5,square,1000,0.6,NUMERICAL-MINQUE-RIDGE,0.0143,1.0167,15.89,100,100
0.5,square,1000,0.6,CLOSEFORM-MINQUE1-RIDGE,0.0149,1.0010,9.01,100,100
0.5,square,1000,0.6,GMM-0,0.0109,0.9954,4.48,100,100
0.5,square,1000,0.6,NUMERICAL-MINQUE-ELASTICNET,0.0083,0.9950,13.20,45,100
0.5,square,1000,0.6,NUMERICAL-MINQUE-LASSO,0.0115,0.9950,13.24,40,100
0.5,square,1000,0.6,BLUP,0.0076,0.9961,0.33,100,100
0.5,square,1000,0.6,CLOSEFORM-MINQUE0,0.0141,55.7587,8.81,100,100
0.5,square,1000,0.6,CLOSEFORM-MINQUE1,0.0037,25233.3403,8.87,100,100
0.5,square,1000,0.8,CLOSEFORM-MINQUE0-RIDGE,0.0036,1.0026,10.94,100,100
0.5,square,1000,0.8,GMM,0.0000,0.0000,4.79,0,100
0.5,square,1000,0.8,NUMERICAL-MINQUE-RIDGE,0.0029,1.0225,16.60,100,100
0.5,square,1000,0.8,CLOSEFORM-MINQUE1-RIDGE,-0.0001,1.0025,9.29,100,100
0.5,square,1000,0.8,GMM-0,0.0039,0.9955,4.72,100,100
0.5,square,1000,0.8,NUMERICAL-MINQUE-ELASTICNET,0.0191,0.9948,13.62,50,100
0.5,square,1000,0.8,NUMERICAL-MINQUE-LASSO,0.0096,0.9951,13.55,40,100
0.5,square,1000,0.8,BLUP,0.0043,0.9965,0.36,100,100
0.5,square,1000,0.8,CLOSEFORM-MINQUE0,-0.0062,264.1138,9.18,100,100
0.5,square,1000,0.8,CLOSEFORM-MINQUE1,-0.0033,165.2639,9.06,100,100
0.5,square,1000,1,CLOSEFORM-MINQUE0-RIDGE,0.0077,1.0036,10.41,100,100
0.5,square,1000,1,GMM,0.0000,0.0000,5.22,0,100
0.5,square,1000,1,NUMERICAL-MINQUE-RIDGE,0.0088,1.0279,17.51,100,100
0.5,square,1000,1,CLOSEFORM-MINQUE1-RIDGE,0.0059,1.0032,9.82,100,100
0.5,square,1000,1,GMM-0,0.0055,0.9959,5.16,100,100
0.5,square,1000,1,NUMERICAL-MINQUE-ELASTICNET,-0.0204,0.9953,14.29,53,100
0.5,square,1000,1,NUMERICAL-MINQUE-LASSO,-0.0237,0.9950,14.36,36,100
0.5,square,1000,1,BLUP,0.0086,0.9970,0.39,100,100
0.5,square,1000,1,CLOSEFORM-MINQUE0,-0.0014,38.0185,9.65,100,100
0.5,square,1000,1,CLOSEFORM-MINQUE1,-0.0007,2315.0750,9.62,100,100
0.5,square,100,0.2,CLOSEFORM-MINQUE0-RIDGE,0.2472,0.9264,9.51,100,100
0.5,square,100,0.2,GMM,0.2704,0.9259,4.42,1,100
0.5,square,100,0.2,NUMERICAL-MINQUE-RIDGE,0.2232,0.9543,15.13,100,100
0.5,square,100,0.2,CLOSEFORM-MINQUE1-RIDGE,0.2578,0.9206,8.20,100,100
0.5,square,100,0.2,GMM-0,0.0718,0.9893,4.28,100,100
0.5,square,100,0.2,NUMERICAL-MINQUE-ELASTICNET,0.2415,0.9670,13.89,97,100
0.5,square,100,0.2,NUMERICAL-MINQUE-LASSO,0.2408,0.9747,13.73,92,100
0.5,square,100,0.2,BLUP,0.0568,0.9925,0.26,100,100
0.5,square,100,0.2,CLOSEFORM-MINQUE0,0.0429,1177.4867,8.10,100,100
0.5,square,100,0.2,CLOSEFORM-MINQUE1,0.0170,29812.0027,8.04,100,100
0.5,square,100,0.4,CLOSEFORM-MINQUE0-RIDGE,0.1510,0.9703,10.61,100,100
0.5,square,100,0.4,GMM,0.0000,0.0000,5.15,0,100
0.5,square,100,0.4,NUMERICAL-MINQUE-RIDGE,0.1264,0.9901,18.06,100,100
0.5,square,100,0.4,CLOSEFORM-MINQUE1-RIDGE,0.1486,0.9730,9.14,100,100
0.5,square,100,0.4,GMM-0,0.0274,0.9948,5.03,100,100
0.5,square,100,0.4,NUMERICAL-MINQUE-ELASTICNET,0.1272,0.9884,16.64,96,100
0.5,square,100,0.4,NUMERICAL-MINQUE-LASSO,0.1412,0.9905,16.37,80,100
0.5,square,100,0.4,BLUP,0.0261,0.9961,0.30,100,100
0.5,square,100,0.4,CLOSEFORM-MINQUE0,0.0218,1948.7936,9.11,100,100
0.5,square,100,0.4,CLOSEFORM-MINQUE1,0.0163,80927557.0267,9.02,100,100
0.5,square,100,0.6,CLOSEFORM-MINQUE0-RIDGE,0.1118,0.9829,14.94,100,100
0.5,square,100,0.6,GMM,0.0000,0.0000,8.43,0,100
0.5,square,100,0.6,NUMERICAL-MINQUE-RIDGE,0.0892,0.9972,28.44,100,100
0.5,square,100,0.6,CLOSEFORM-MINQUE1-RIDGE,0.1151,0.9850,13.27,100,100
0.5,square,100,0.6,GMM-0,0.0065,0.9956,8.25,98,100
0.5,square,100,0.6,NUMERICAL-MINQUE-ELASTICNET,0.0802,0.9924,25.97,94,100
0.5,square,100,0.6,NUMERICAL-MINQUE-LASSO,0.0728,0.9938,25.81,70,100
0.5,square,100,0.6,BLUP,0.0074,0.9960,0.39,100,100
0.5,square,100,0.6,CLOSEFORM-MINQUE0,0.0146,89.9297,13.19,100,100
0.5,square,100,0.6,CLOSEFORM-MINQUE1,0.0175,78.4814,13.13,100,100
0.5,square,100,0.8,CLOSEFORM-MINQUE0-RIDGE,0.0718,0.9948,12.11,100,100
0.5,square,100,0.8,GMM,0.0000,0.0000,6.49,0,100
0.5,square,100,0.8,NUMERICAL-MINQUE-RIDGE,0.0549,1.0006,20.93,100,100
0.5,square,100,0.8,CLOSEFORM-MINQUE1-RIDGE,0.0673,1.0028,10.54,100,100
0.5,square,100,0.8,GMM-0,0.0123,0.9952,6.31,100,100
0.5,square,100,0.8,NUMERICAL-MINQUE-ELASTICNET,0.0351,0.9941,19.49,88,100
0.5,square,100,0.8,NUMERICAL-MINQUE-LASSO,0.0221,0.9947,19.36,75,100
0.5,square,100,0.8,BLUP,0.0078,0.9972,0.35,100,100
0.5,square,100,0.8,CLOSEFORM-MINQUE0,0.0071,39.5211,10.46,100,100
0.5,square,100,0.8,CLOSEFORM-MINQUE1,0.0094,867.0554,10.37,100,100
0.5,square,100,1,CLOSEFORM-MINQUE0-RIDGE,0.0792,0.9959,10.82,100,100
0.5,square,100,1,GMM,0.0000,0.0000,5.29,0,100
0.5,square,100,1,NUMERICAL-MINQUE-RIDGE,0.0577,1.0043,18.31,100,100
0.5,square,100,1,CLOSEFORM-MINQUE1-RIDGE,0.0850,0.9972,9.34,100,100
0.5,square,100,1,GMM-0,0.0132,0.9958,5.20,99,100
0.5,square,100,1,NUMERICAL-MINQUE-ELASTICNET,0.0360,0.9947,16.77,90,100
0.5,square,100,1,NUMERICAL-MINQUE-LASSO,0.0283,0.9949,16.88,76,100
0.5,square,100,1,BLUP,0.0095,0.9965,0.36,100,100
0.5,square,100,1,CLOSEFORM-MINQUE0,0.0070,102.0572,9.31,100,100
0.5,square,100,1,CLOSEFORM-MINQUE1,0.0083,146609.0907,9.20,100,100
0.5,square,20,0.2,CLOSEFORM-MINQUE0-RIDGE,0.4872,0.7552,10.58,100,100
0.5,square,20,0.2,GMM,0.2741,0.9438,4.85,23,100
0.5,square,20,0.2,NUMERICAL-MINQUE-RIDGE,0.4184,0.8595,16.50,100,100
0.5,square,20,0.2,CLOSEFORM-MINQUE1-RIDGE,0.5128,0.7293,8.79,100,100
0.5,square,20,0.2,GMM-0,0.1808,0.9642,4.70,100,100
0.5,square,20,0.2,NUMERICAL-MINQUE-ELASTICNET,0.4110,0.8863,15.49,100,100
0.5,square,20,0.2,NUMERICAL-MINQUE-LASSO,0.4040,0.8978,15.42,100,100
0.5,square,20,0.2,BLUP,0.1409,0.9729,0.38,100,100
0.5,square,20,0.2,CLOSEFORM-MINQUE0,0.0912,223.9133,8.73,100,100
0.5,square,20,0.2,CLOSEFORM-MINQUE1,0.1342,295.4251,8.60,100,100
0.5,square,20,0.4,CLOSEFORM-MINQUE0-RIDGE,0.3977,0.8325,9.96,100,100
0.5,square,20,0.4,GMM,0.0817,0.9860,5.49,5,100
0.5,square,20,0.4,NUMERICAL-MINQUE-RIDGE,0.3441,0.9000,18.18,100,100
0.5,square,20,0.4,CLOSEFORM-MINQUE1-RIDGE,0.4044,0.8296,8.80,100,100
0.5,square,20,0.4,GMM-0,0.0942,0.9867,5.35,100,100
0.5,square,20,0.4,NUMERICAL-MINQUE-ELASTICNET,0.3262,0.9234,17.33,100,100
0.5,square,20,0.4,NUMERICAL-MINQUE-LASSO,0.3071,0.9366,17.11,100,100
0.5,square,20,0.4,BLUP,0.0700,0.9923,0.26,100,100
0.5,square,20,0.4,CLOSEFORM-MINQUE0,0.0738,261.8562,8.72,100,100
0.5,square,20,0.4,CLOSEFORM-MINQUE1,0.1145,258.6413,8.67,100,100
0.5,square,20,0.6,CLOSEFORM-MINQUE0-RIDGE,0.3270,0.8870,10.82,100,100
0.5,square,20,0.6,GMM,0.2114,0.9505,5.11,1,100
0.5,square,20,0.6,NUMERICAL-MINQUE-RIDGE,0.2751,0.9338,17.96,100,100
0.5,square,20,0.6,CLOSEFORM-MINQUE1-RIDGE,0.3375,0.8811,8.98,100,100
0.5,square,20,0.6,GMM-0,0.0748,0.9886,4.98,100,100
0.5,square,20,0.6,NUMERICAL-MINQUE-ELASTICNET,0.2478,0.9588,17.14,100,100
0.5,square,20,0.6,NUMERICAL-MINQUE-LASSO,0.2227,0.9699,16.96,100,100
0.5,square,20,0.6,BLUP,0.0757,0.9903,0.40,100,100
0.5,square,20,0.6,CLOSEFORM-MINQUE0,0.0686,56.3725,8.92,100,100
0.5,square,20,0.6,CLOSEFORM-MINQUE1,0.0946,63.8553,8.77,100,100
0.5,square,20,0.8,CLOSEFORM-MINQUE0-RIDGE,0.2708,0.9293,12.85,100,100
0.5,square,20,0.8,GMM,0.1340,0.9774,6.92,1,100
0.5,square,20,0.8,NUMERICAL-MINQUE-RIDGE,0.2304,0.9536,23.43,100,100
0.5,square,20,0.8,CLOSEFORM-MINQUE1-RIDGE,0.2780,0.9275,10.92,100,100
0.5,square,20,0.8,GMM-0,0.0473,0.9930,6.72,100,100
0.5,square,20,0.8,NUMERICAL-MINQUE-ELASTICNET,0.1909,0.9732,22.38,100,100
0.5,square,20,0.8,NUMERICAL-MINQUE-LASSO,0.1602,0.9801,22.27,98,100
0.5,square,20,0.8,BLUP,0.0456,0.9945,0.36,100,100
0.5,square,20,0.8,CLOSEFORM-MINQUE0,0.0614,426.8636,10.74,100,100
0.5,square,20,0.8,CLOSEFORM-MINQUE1,0.0873,66.1447,10.83,100,100
0.5,square,20,1,CLOSEFORM-MINQUE0-RIDGE,0.2410,0.9487,9.91,100,100
0.5,square,20,1,GMM,0.0000,0.0000,4.84,0,100
0.5,square,20,1,NUMERICAL-MINQUE-RIDGE,0.1954,0.9650,17.38,100,100
0.5,square,20,1,CLOSEFORM-MINQUE1-RIDGE,0.2541,0.9426,8.69,100,100
0.5,square,20,1,GMM-0,0.0288,0.9945,4.67,100,100
0.5,square,20,1,NUMERICAL-MINQUE-ELASTICNET,0.1527,0.9794,16.79,100,100
0.5,square,20,1,NUMERICAL-MINQUE-LASSO,0.1260,0.9853,16.51,98,100
0.5,square,20,1,BLUP,0.0367,0.9938,0.35,100,100
0.5,square,20,1,CLOSEFORM-MINQUE0,0.0436,138.2816,8.62,100,100
0.5,square,20,1,CLOSEFORM-MINQUE1,0.0814,382.6955,8.48,100,100
0.5,square,500,0.2,CLOSEFORM-MINQUE0-RIDGE,0.0231,1.0003,11.28,100,100
0.5,square,500,0.2,GMM,0.0000,0.0000,5.89,0,100
0.5,square,500,0.2,NUMERICAL-MINQUE-RIDGE,0.0272,1.0271,18.45,100,100
0.5,square,500,0.2,CLOSEFORM-MINQUE1-RIDGE,0.0236,1.0007,9.65,100,100
0.5,square,500,0.2,GMM-0,0.0166,0.9951,5.73,100,100
0.5,square,500,0.2,NUMERICAL-MINQUE-ELASTICNET,0.0307,0.9951,15.95,71,100
0.5,square,500,0.2,NUMERICAL-MINQUE-LASSO,0.0310,0.9950,15.74,59,100
0.5,square,500,0.2,BLUP,0.0198,0.9956,0.30,100,100
0.5,square,500,0.2,CLOSEFORM-MINQUE0,0.0057,609.4136,9.47,100,100
0.5,square,500,0.2,CLOSEFORM-MINQUE1,0.0160,31.3477,9.40,100,100
0.5,square,500,0.4,CLOSEFORM-MINQUE0-RIDGE,-0.0053,1.0048,10.62,100,100
0.5,square,500,0.4,GMM,0.0000,0.0000,6.29,0,100
0.5,square,500,0.4,NUMERICAL-MINQUE-RIDGE,-0.0014,1.0260,20.80,100,100
0.5,square,500,0.4,CLOSEFORM-MINQUE1-RIDGE,-0.0016,1.0042,9.60,100,100
0.5,square,500,0.4,GMM-0,-0.0115,0.9965,6.11,100,100
0.5,square,500,0.4,NUMERICAL-MINQUE-ELASTICNET,-0.0099,0.9953,17.98,53,100
0.5,square,500,0.4,NUMERICAL-MINQUE-LASSO,-0.0046,0.9951,17.84,41,100
0.5,square,500,0.4,BLUP,-0.0043,0.9964,0.30,100,100
0.5,square,500,0.4,CLOSEFORM-MINQUE0,0.0071,85.1666,9.44,100,100
0.5,square,500,0.4,CLOSEFORM-MINQUE1,-0.0047,56.4913,9.28,100,100
0.5,square,500,0.6,CLOSEFORM-MINQUE0-RIDGE,0.0207,0.9995,8.54,100,100
0.5,square,500,0.6,GMM,0.0000,0.0000,4.60,0,100
0.5,square,500,0.6,NUMERICAL-MINQUE-RIDGE,0.0187,1.0175,14.94,100,100
0.5,square,500,0.6,CLOSEFORM-MINQUE1-RIDGE,0.0195,0.9993,8.36,100,100
0.5,square,500,0.6,GMM-0,0.0156,0.9950,4.49,99,100
0.5,square,500,0.6,NUMERICAL-MINQUE-ELASTICNET,0.0131,0.9949,13.32,54,100
0.5,square,500,0.6,NUMERICAL-MINQUE-LASSO,0.0107,0.9950,13.10,50,100
0.5,square,500,0.6,BLUP,0.0173,0.9955,0.30,100,100
0.5,square,500,0.6,CLOSEFORM-MINQUE0,0.0111,86.6582,8.31,100,100
0.5,square,500,0.6,CLOSEFORM-MINQUE1,0.0177,493.5568,8.34,100,100
0.5,square,500,0.8,CLOSEFORM-MINQUE0-RIDGE,0.0074,1.0023,8.61,100,100
0.5,square,500,0.8,GMM,0.0000,0.0000,4.45,0,100
0.5,square,500,0.8,NUMERICAL-MINQUE-RIDGE,0.0096,1.0257,14.73,100,100
0.5,square,500,0.8,CLOSEFORM-MINQUE1-RIDGE,0.0130,1.0013,8.36,100,100
0.5,square,500,0.8,GMM-0,0.0015,0.9957,4.34,100,100
0.5,square,500,0.8,NUMERICAL-MINQUE-ELASTICNET,-0.0032,0.9954,12.80,58,100
0.5,square,500,0.8,NUMERICAL-MINQUE-LASSO,0.0062,0.9952,12.65,42,100
0.5,square,500,0.8,BLUP,0.0101,0.9952,0.30,100,100
0.5,square,500,0.8,CLOSEFORM-MINQUE0,0.0120,33.9254,8.24,100,100
0.5,square,500,0.8,CLOSEFORM-MINQUE1,-0.0115,8228.6703,8.25,100,100
0.5,square,500,1,CLOSEFORM-MINQUE0-RIDGE,0.0160,1.0003,10.05,100,100
0.5,square,500,1,GMM,0.0000,0.0000,4.82,0,100
0.5,square,500,1,NUMERICAL-MINQUE-RIDGE,0.0194,1.0225,16.04,100,100
0.5,square,500,1,CLOSEFORM-MINQUE1-RIDGE,0.0185,0.9999,8.93,100,100
0.5,square,500,1,GMM-0,0.0105,0.9952,4.74,100,100
0.5,square,500,1,NUMERICAL-MINQUE-ELASTICNET,0.0030,0.9951,13.71,51,100
0.5,square,500,1,NUMERICAL-MINQUE-LASSO,0.0085,0.9949,13.70,37,100
0.5,square,500,1,BLUP,0.0068,0.9953,0.35,100,100
0.5,square,500,1,CLOSEFORM-MINQUE0,0.0137,36.0903,8.72,100,100
0.5,square,500,1,CLOSEFORM-MINQUE1,0.0164,121.4009,8.75,100,100
0.2,cosh,1000,0.2,LDpred2,0.0170,0.9953,9.10,100,100
0.2,cosh,1000,0.4,LDpred2,0.0059,0.9964,9.33,100,100
0.2,cosh,1000,0.6,LDpred2,-0.0088,0.9973,9.28,100,100
0.2,cosh,1000,0.8,LDpred2,0.0035,0.9964,8.66,100,100
0.2,cosh,1000,1,LDpred2,-0.0147,0.9985,10.02,100,100
0.2,cosh,100,0.2,LDpred2,0.0110,0.9952,0.18,100,100
0.2,cosh,100,0.4,LDpred2,0.0148,0.9954,0.23,100,100
0.2,cosh,100,0.6,LDpred2,-0.0031,0.9956,0.18,100,100
0.2,cosh,100,0.8,LDpred2,0.0022,0.9957,0.16,100,100
0.2,cosh,100,1,LDpred2,0.0100,0.9951,0.15,100,100
0.2,cosh,20,0.2,LDpred2,0.0685,0.9926,0.04,100,100
0.2,cosh,20,0.4,LDpred2,0.0492,0.9937,0.04,100,100
0.2,cosh,20,0.6,LDpred2,0.0278,0.9947,0.04,100,100
0.2,cosh,20,0.8,LDpred2,0.0166,0.9951,0.04,100,100
0.2,cosh,20,1,LDpred2,0.0199,0.9945,0.04,100,100
0.2,cosh,500,0.2,LDpred2,0.0159,0.9960,2.47,100,100
0.2,cosh,500,0.4,LDpred2,-0.0007,0.9957,2.44,100,100
0.2,cosh,500,0.6,LDpred2,0.0055,0.9960,2.50,100,100
0.2,cosh,500,0.8,LDpred2,0.0013,0.9969,2.25,100,100
0.2,cosh,500,1,LDpred2,-0.0008,0.9969,2.47,100,100
0.2,hyperbola,1000,0.2,LDpred2,-0.0053,0.9965,9.34,100,100
0.2,hyperbola,1000,0.4,LDpred2,-0.0045,0.9968,9.11,100,100
0.2,hyperbola,1000,0.6,LDpred2,0.0050,0.9960,9.14,100,100
0.2,hyperbola,1000,0.8,LDpred2,0.0118,0.9959,7.87,100,100
0.2,hyperbola,1000,1,LDpred2,-0.0044,0.9966,9.59,100,100
0.2,hyperbola,100,0.2,LDpred2,0.0188,0.9956,0.17,100,100
0.2,hyperbola,100,0.4,LDpred2,0.0097,0.9953,0.20,100,100
0.2,hyperbola,100,0.6,LDpred2,0.0085,0.9953,0.18,100,100
0.2,hyperbola,100,0.8,LDpred2,0.0065,0.9956,0.23,100,100
0.2,hyperbola,100,1,LDpred2,0.0010,0.9951,0.15,100,100
0.2,hyperbola,20,0.2,LDpred2,0.0866,0.9874,0.04,100,100
0.2,hyperbola,20,0.4,LDpred2,0.0069,0.9949,0.04,100,100
0.2,hyperbola,20,0.6,LDpred2,0.0266,0.9948,0.04,100,100
0.2,hyperbola,20,0.8,LDpred2,0.0145,0.9950,0.04,100,100
0.2,hyperbola,20,1,LDpred2,0.0171,0.9950,0.04,100,100
0.2,hyperbola,500,0.2,LDpred2,0.0074,0.9964,2.45,100,100
0.2,hyperbola,500,0.4,LDpred2,0.0041,0.9962,2.45,100,100
0.2,hyperbola,500,0.6,LDpred2,-0.0106,0.9959,2.44,100,100
0.2,hyperbola,500,0.8,LDpred2,0.0005,0.9960,2.30,100,100
0.2,hyperbola,500,1,LDpred2,0.0030,0.9955,2.35,100,100
0.2,linear,1000,0.2,LDpred2,0.1299,0.9822,9.19,100,100
0.2,linear,1000,0.4,LDpred2,0.1160,0.9846,9.24,100,100
0.2,linear,1000,0.6,LDpred2,0.1180,0.9839,9.55,100,100
0.2,linear,1000,0.8,LDpred2,0.1138,0.9846,7.11,100,100
0.2,linear,1000,1,LDpred2,0.1206,0.9848,8.84,100,100
0.2,linear,100,0.2,LDpred2,0.2848,0.9158,0.17,100,100
0.2,linear,100,0.4,LDpred2,0.2805,0.9184,0.23,100,100
0.2,linear,100,0.6,LDpred2,0.2736,0.9236,0.18,100,100
0.2,linear,100,0.8,LDpred2,0.2561,0.9326,0.17,100,100
0.2,linear,100,1,LDpred2,0.2696,0.9246,0.17,100,100
0.2,linear,20,0.2,LDpred2,0.3648,0.8631,0.04,100,100
0.2,linear,20,0.4,LDpred2,0.3669,0.8632,0.04,100,100
0.2,linear,20,0.6,LDpred2,0.3520,0.8730,0.04,100,100
0.2,linear,20,0.8,LDpred2,0.3601,0.8684,0.05,100,100
0.2,linear,20,1,LDpred2,0.3594,0.8688,0.04,100,100
0.2,linear,500,0.2,LDpred2,0.1734,0.9685,2.48,100,100
0.2,linear,500,0.4,LDpred2,0.1700,0.9728,2.50,100,100
0.2,linear,500,0.6,LDpred2,0.1652,0.9729,2.46,100,100
0.2,linear,500,0.8,LDpred2,0.1543,0.9770,2.45,100,100
0.2,linear,500,1,LDpred2,0.1709,0.9730,1.84,100,100
0.2,rickercurve,1000,0.2,LDpred2,0.0045,0.9964,9.23,100,100
0.2,rickercurve,1000,0.4,LDpred2,-0.0119,0.9974,8.93,100,100
0.2,rickercurve,1000,0.6,LDpred2,0.0008,0.9966,8.10,100,100
0.2,rickercurve,1000,0.8,LDpred2,0.0168,0.9953,8.71,100,100
0.2,rickercurve,1000,1,LDpred2,-0.0004,0.9964,9.24,100,100
0.2,rickercurve,100,0.2,LDpred2,0.0150,0.9949,0.18,100,100
0.2,rickercurve,100,0.4,LDpred2,0.0045,0.9953,0.19,100,100
0.2,rickercurve,100,0.6,LDpred2,-0.0017,0.9953,0.17,100,100
0.2,rickercurve,100,0.8,LDpred2,0.0108,0.9950,0.20,100,100
0.2,rickercurve,100,1,LDpred2,-0.0004,0.9952,0.15,100,100
0.2,rickercurve,20,0.2,LDpred2,0.0452,0.9924,0.04,100,100
0.2,rickercurve,20,0.4,LDpred2,0.0416,0.9940,0.04,100,100
0.2,rickercurve,20,0.6,LDpred2,0.0290,0.9947,0.04,100,100
0.2,rickercurve,20,0.8,LDpred2,0.0124,0.9950,0.04,100,100
0.2,rickercurve,20,1,LDpred2,0.0173,0.9952,0.04,100,100
0.2,rickercurve,500,0.2,LDpred2,0.0055,0.9951,2.47,100,100
0.2,rickercurve,500,0.4,LDpred2,0.0052,0.9959,2.51,100,100
0.2,rickercurve,500,0.6,LDpred2,-0.0172,0.9971,2.47,100,100
0.2,rickercurve,500,0.8,LDpred2,-0.0041,0.9963,2.23,100,100
0.2,rickercurve,500,1,LDpred2,0.0123,0.9955,2.39,100,100
0.2,square,1000,0.2,LDpred2,0.0078,0.9962,9.18,100,100
0.2,square,1000,0.4,LDpred2,0.0001,0.9967,9.15,100,100
0.2,square,1000,0.6,LDpred2,0.0101,0.9963,9.32,100,100
0.2,square,1000,0.8,LDpred2,-0.0032,0.9977,8.48,100,100
0.2,square,1000,1,LDpred2,0.0065,0.9961,9.42,100,100
0.2,square,100,0.2,LDpred2,0.0338,0.9946,0.17,100,100
0.2,square,100,0.4,LDpred2,0.0097,0.9952,0.23,100,100
0.2,square,100,0.6,LDpred2,-0.0025,0.9956,0.18,100,100
0.2,square,100,0.8,LDpred2,0.0056,0.9955,0.15,100,100
0.2,square,100,1,LDpred2,0.0078,0.9949,0.12,100,100
0.2,square,20,0.2,LDpred2,0.0742,0.9912,0.04,100,100
0.2,square,20,0.4,LDpred2,0.0247,0.9952,0.04,100,100
0.2,square,20,0.6,LDpred2,0.0331,0.9948,0.04,100,100
0.2,square,20,0.8,LDpred2,0.0195,0.9952,0.04,100,100
0.2,square,20,1,LDpred2,0.0172,0.9949,0.04,100,100
0.2,square,500,0.2,LDpred2,0.0074,0.9959,2.45,100,100
0.2,square,500,0.4,LDpred2,-0.0001,0.9961,2.44,100,100
0.2,square,500,0.6,LDpred2,0.0146,0.9953,2.44,100,100
0.2,square,500,0.8,LDpred2,0.0059,0.9956,2.20,100,100
0.2,square,500,1,LDpred2,0.0030,0.9956,2.71,100,100
0.5,cosh,1000,0.2,LDpred2,0.0172,0.9954,9.23,100,100
0.5,cosh,1000,0.4,LDpred2,0.0116,1.0034,7.79,100,100
0.5,cosh,1000,0.6,LDpred2,-0.0143,1.0053,9.12,100,100
0.5,cosh,1000,0.8,LDpred2,0.0043,1.0077,9.82,100,100
0.5,cosh,1000,1,LDpred2,-0.0152,1.0287,9.15,100,100
0.5,cosh,100,0.2,LDpred2,0.0411,0.9950,0.19,100,100
0.5,cosh,100,0.4,LDpred2,0.0238,0.9954,0.15,100,100
0.5,cosh,100,0.6,LDpred2,0.0016,0.9963,0.14,100,100
0.5,cosh,100,0.8,LDpred2,0.0127,0.9972,0.22,100,100
0.5,cosh,100,1,LDpred2,0.0146,1.0020,0.19,100,100
0.5,cosh,20,0.2,LDpred2,0.1739,0.9642,0.04,100,100
0.5,cosh,20,0.4,LDpred2,0.1135,0.9834,0.04,100,100
0.5,cosh,20,0.6,LDpred2,0.0661,0.9937,0.04,100,100
0.5,cosh,20,0.8,LDpred2,0.0425,0.9961,0.04,100,100
0.5,cosh,20,1,LDpred2,0.0488,0.9951,0.04,100,100
0.5,cosh,500,0.2,LDpred2,0.0257,0.9957,2.53,100,100
0.5,cosh,500,0.4,LDpred2,0.0042,0.9978,2.19,100,100
0.5,cosh,500,0.6,LDpred2,-0.0034,1.0004,2.59,100,100
0.5,cosh,500,0.8,LDpred2,0.0002,1.0090,2.43,100,100
0.5,cosh,500,1,LDpred2,0.0045,1.0284,2.18,100,100
0.5,hyperbola,1000,0.2,LDpred2,0.0008,0.9970,7.50,100,100
0.5,hyperbola,1000,0.4,LDpred2,-0.0119,0.9983,7.67,100,100
0.5,hyperbola,1000,0.6,LDpred2,0.0064,0.9960,9.42,100,100
0.5,hyperbola,1000,0.8,LDpred2,0.0048,0.9956,9.00,100,100
0.5,hyperbola,1000,1,LDpred2,0.0006,0.9966,8.17,100,100
0.5,hyperbola,100,0.2,LDpred2,0.0430,0.9937,0.17,100,100
0.5,hyperbola,100,0.4,LDpred2,0.0157,0.9946,0.15,100,100
0.5,hyperbola,100,0.6,LDpred2,0.0180,0.9954,0.15,100,100
0.5,hyperbola,100,0.8,LDpred2,0.0170,0.9951,0.13,100,100
0.5,hyperbola,100,1,LDpred2,0.0110,0.9954,0.21,100,100
0.5,hyperbola,20,0.2,LDpred2,0.1993,0.9481,0.04,100,100
0.5,hyperbola,20,0.4,LDpred2,0.0653,0.9915,0.04,100,100
0.5,hyperbola,20,0.6,LDpred2,0.0612,0.9934,0.04,100,100
0.5,hyperbola,20,0.8,LDpred2,0.0387,0.9942,0.04,100,100
0.5,hyperbola,20,1,LDpred2,0.0352,0.9950,0.04,100,100
0.5,hyperbola,500,0.2,LDpred2,0.0133,0.9949,2.37,100,100
0.5,hyperbola,500,0.4,LDpred2,0.0105,0.9958,2.09,100,100
0.5,hyperbola,500,0.6,LDpred2,-0.0045,0.9959,2.61,100,100
0.5,hyperbola,500,0.8,LDpred2,0.0024,0.9957,2.14,100,100
0.5,hyperbola,500,1,LDpred2,0.0054,0.9958,2.79,100,100
0.5,linear,1000,0.2,LDpred2,0.3288,0.8957,9.42,100,100
0.5,linear,1000,0.4,LDpred2,0.2904,0.9179,7.49,100,100
0.5,linear,1000,0.6,LDpred2,0.2910,0.9161,10.01,100,100
0.5,linear,1000,0.8,LDpred2,0.2714,0.9258,7.54,100,100
0.5,linear,1000,1,LDpred2,0.2760,0.9264,8.78,100,100
0.5,linear,100,0.2,LDpred2,0.5611,0.6827,0.17,100,100
0.5,linear,100,0.4,LDpred2,0.5369,0.7093,0.16,100,100
0.5,linear,100,0.6,LDpred2,0.5284,0.7186,0.17,100,100
0.5,linear,100,0.8,LDpred2,0.5126,0.7349,0.27,100,100
0.5,linear,100,1,LDpred2,0.5195,0.7277,0.26,100,100
0.5,linear,20,0.2,LDpred2,0.6524,0.5719,0.04,100,100
0.5,linear,20,0.4,LDpred2,0.6390,0.5895,0.04,100,100
0.5,linear,20,0.6,LDpred2,0.6242,0.6081,0.04,100,100
0.5,linear,20,0.8,LDpred2,0.6281,0.6040,0.05,100,100
0.5,linear,20,1,LDpred2,0.6237,0.6087,0.04,100,100
0.5,linear,500,0.2,LDpred2,0.4051,0.8356,2.62,100,100
0.5,linear,500,0.4,LDpred2,0.3777,0.8564,1.91,100,100
0.5,linear,500,0.6,LDpred2,0.3662,0.8661,2.31,100,100
0.5,linear,500,0.8,LDpred2,0.3488,0.8769,2.06,100,100
0.5,linear,500,1,LDpred2,0.3553,0.8725,2.87,100,100
0.5,rickercurve,1000,0.2,LDpred2,0.0021,0.9976,7.64,100,100
0.5,rickercurve,1000,0.4,LDpred2,-0.0023,0.9971,10.01,100,100
0.5,rickercurve,1000,0.6,LDpred2,0.0063,0.9966,8.47,100,100
0.5,rickercurve,1000,0.8,LDpred2,0.0188,0.9953,10.33,100,100
0.5,rickercurve,1000,1,LDpred2,0.0039,0.9966,7.42,100,100
0.5,rickercurve,100,0.2,LDpred2,0.0269,0.9941,0.17,100,100
0.5,rickercurve,100,0.4,LDpred2,0.0105,0.9951,0.16,100,100
0.5,rickercurve,100,0.6,LDpred2,0.0071,0.9956,0.23,100,100
0.5,rickercurve,100,0.8,LDpred2,0.0198,0.9951,0.16,100,100
0.5,rickercurve,100,1,LDpred2,0.0032,0.9951,0.19,100,100
0.5,rickercurve,20,0.2,LDpred2,0.0921,0.9833,0.04,100,100
0.5,rickercurve,20,0.4,LDpred2,0.0766,0.9889,0.04,100,100
0.5,rickercurve,20,0.6,LDpred2,0.0594,0.9928,0.04,100,100
0.5,rickercurve,20,0.8,LDpred2,0.0302,0.9946,0.04,100,100
0.5,rickercurve,20,1,LDpred2,0.0318,0.9948,0.04,100,100
0.5,rickercurve,500,0.2,LDpred2,0.0024,0.9964,2.50,100,100
0.5,rickercurve,500,0.4,LDpred2,0.0075,0.9958,2.14,100,100
0.5,rickercurve,500,0.6,LDpred2,-0.0116,0.9962,2.62,100,100
0.5,rickercurve,500,0.8,LDpred2,-0.0071,0.9966,1.97,100,100
0.5,rickercurve,500,1,LDpred2,0.0172,0.9949,2.30,100,100
0.5,square,1000,0.2,LDpred2,0.0106,0.9957,8.75,100,100
0.5,square,1000,0.4,LDpred2,0.0052,0.9965,8.47,100,100
0.5,square,1000,0.6,LDpred2,0.0068,0.9962,8.89,100,100
0.5,square,1000,0.8,LDpred2,0.0011,0.9964,10.11,100,100
0.5,square,1000,1,LDpred2,0.0111,0.9964,8.68,100,100
0.5,square,100,0.2,LDpred2,0.0655,0.9921,0.17,100,100
0.5,square,100,0.4,LDpred2,0.0326,0.9951,0.13,100,100
0.5,square,100,0.6,LDpred2,0.0097,0.9956,0.14,100,100
0.5,square,100,0.8,LDpred2,0.0100,0.9958,0.23,100,100
0.5,square,100,1,LDpred2,0.0106,0.9950,0.21,100,100
0.5,square,20,0.2,LDpred2,0.1897,0.9551,0.04,100,100
0.5,square,20,0.4,LDpred2,0.0826,0.9911,0.04,100,100
0.5,square,20,0.6,LDpred2,0.0747,0.9945,0.04,100,100
0.5,square,20,0.8,LDpred2,0.0484,0.9944,0.04,100,100
0.5,square,20,1,LDpred2,0.0415,0.9937,0.04,100,100
0.5,square,500,0.2,LDpred2,0.0135,0.9958,2.16,100,100
0.5,square,500,0.4,LDpred2,-0.0036,0.9968,2.19,100,100
0.5,square,500,0.6,LDpred2,0.0186,0.9953,2.30,100,100
0.5,square,500,0.8,LDpred2,0.0115,0.9950,2.18,100,100
0.5,square,500,1,LDpred2,0.0085,0.9950,2.47,100,100
0.2,cosh,20,0.2,glinternet,0.1341,0.9842,1082.63,8,20
0.2,cosh,20,0.4,glinternet,0.0000,0.0000,1234.31,0,20
0.2,cosh,20,0.6,glinternet,0.0101,0.9955,1043.63,1,20
0.2,cosh,20,0.8,glinternet,0.0000,0.0000,583.69,0,20
0.2,cosh,20,1,glinternet,0.0000,0.0000,1194.43,0,20
0.2,hyperbola,20,0.2,glinternet,0.2421,0.9577,950.45,11,20
0.2,hyperbola,20,0.4,glinternet,0.0518,0.9934,1251.92,2,20
0.2,hyperbola,20,0.6,glinternet,0.1426,0.9820,1080.23,1,20
0.2,hyperbola,20,0.8,glinternet,0.0073,0.9954,629.33,1,20
0.2,hyperbola,20,1,glinternet,0.0000,0.0000,1347.23,0,20
0.2,linear,20,0.2,glinternet,0.3202,0.9213,656.58,20,20
0.2,linear,20,0.4,glinternet,0.2839,0.9376,704.48,20,20
0.2,linear,20,0.6,glinternet,0.2557,0.9488,854.00,20,20
0.2,linear,20,0.8,glinternet,0.2479,0.9542,826.12,19,20
0.2,linear,20,1,glinternet,0.2428,0.9582,485.31,20,20
0.2,rickercurve,20,0.2,glinternet,0.2361,0.9467,1087.14,3,20
0.2,rickercurve,20,0.4,glinternet,0.1597,0.9748,1253.65,4,20
0.2,rickercurve,20,0.6,glinternet,0.0480,0.9927,1114.59,1,20
0.2,rickercurve,20,0.8,glinternet,0.0000,0.0000,662.71,0,20
0.2,rickercurve,20,1,glinternet,0.0000,0.0000,1277.46,0,20
0.2,square,20,0.2,glinternet,0.1898,0.9747,755.18,11,20
0.2,square,20,0.4,glinternet,0.3159,0.9698,1242.83,1,20
0.2,square,20,0.6,glinternet,0.0953,0.9904,992.45,1,20
0.2,square,20,0.8,glinternet,0.0324,0.9937,1340.04,2,20
0.2,square,20,1,glinternet,0.0344,0.9938,643.98,1,20
0.2,cosh,20,0.2,hierNet,0.0938,1.2928,170.83,20,20
0.2,cosh,20,0.4,hierNet,0.0804,1.2949,176.85,20,20
0.2,cosh,20,0.6,hierNet,0.0502,1.3235,221.94,20,20
0.2,cosh,20,0.8,hierNet,0.0147,1.3854,249.07,20,20
0.2,cosh,20,1,hierNet,0.0476,1.3504,266.30,20,20
0.2,hyperbola,20,0.2,hierNet,0.1319,1.2006,157.50,20,20
0.2,hyperbola,20,0.4,hierNet,0.0803,1.3111,171.97,20,20
0.2,hyperbola,20,0.6,hierNet,0.0467,1.3401,258.47,20,20
0.2,hyperbola,20,0.8,hierNet,0.0382,1.3708,228.76,20,20
0.2,hyperbola,20,1,hierNet,0.0494,1.3551,245.37,20,20
0.2,linear,20,0.2,hierNet,0.3134,0.9368,147.65,20,20
0.2,linear,20,0.4,hierNet,0.3163,0.9509,149.95,20,20
0.2,linear,20,0.6,hierNet,0.2932,0.9927,149.84,20,20
0.2,linear,20,0.8,hierNet,0.3149,0.9748,257.07,20,20
0.2,linear,20,1,hierNet,0.3074,0.9834,228.51,20,20
0.2,rickercurve,20,0.2,hierNet,0.0470,1.3436,165.09,20,20
0.2,rickercurve,20,0.4,hierNet,0.0651,1.3305,154.87,20,20
0.2,rickercurve,20,0.6,hierNet,0.0360,1.3601,245.92,20,20
0.2,rickercurve,20,0.8,hierNet,0.0239,1.3738,257.77,20,20
0.2,rickercurve,20,1,hierNet,0.0211,1.3986,206.36,20,20
0.2,square,20,0.2,hierNet,0.1338,1.1849,167.07,20,20
0.2,square,20,0.4,hierNet,0.0412,1.3387,157.17,20,20
0.2,square,20,0.6,hierNet,0.0574,1.3436,170.54,20,20
0.2,square,20,0.8,hierNet,0.0487,1.3254,250.19,20,20
0.2,square,20,1,hierNet,0.0665,1.3149,241.14,20,20
0.5,cosh,20,0.2,glinternet,0.3159,0.9100,531.63,19,20
0.5,cosh,20,0.4,glinternet,0.2371,0.9561,486.23,10,20
0.5,cosh,20,0.6,glinternet,0.2025,0.9819,772.67,4,20
0.5,cosh,20,0.8,glinternet,0.0339,1.0025,654.20,3,20
0.5,cosh,20,1,glinternet,0.2091,0.9787,697.35,2,20
0.5,hyperbola,20,0.2,glinternet,0.4267,0.8447,766.79,20,20
0.5,hyperbola,20,0.4,glinternet,0.3158,0.9392,1105.54,9,20
0.5,hyperbola,20,0.6,glinternet,0.2211,0.9717,866.79,5,20
0.5,hyperbola,20,0.8,glinternet,0.0969,0.9865,825.23,3,20
0.5,hyperbola,20,1,glinternet,0.2648,0.9424,958.57,1,20
0.5,linear,20,0.2,glinternet,0.6264,0.6354,476.52,20,20
0.5,linear,20,0.4,glinternet,0.5964,0.6753,605.24,20,20
0.5,linear,20,0.6,glinternet,0.5780,0.6956,522.96,20,20
0.5,linear,20,0.8,glinternet,0.5623,0.7188,848.75,20,20
0.5,linear,20,1,glinternet,0.5682,0.7057,630.59,20,20
0.5,rickercurve,20,0.2,glinternet,0.2984,0.8963,822.79,8,20
0.5,rickercurve,20,0.4,glinternet,0.2606,0.9421,1160.08,12,20
0.5,rickercurve,20,0.6,glinternet,0.2135,0.9700,1091.14,7,20
0.5,rickercurve,20,0.8,glinternet,0.0878,0.9905,888.50,2,20
0.5,rickercurve,20,1,glinternet,0.2155,0.9626,878.29,1,20
0.5,square,20,0.2,glinternet,0.3750,0.8922,437.07,20,20
0.5,square,20,0.4,glinternet,0.1473,0.9767,560.91,14,20
0.5,square,20,0.6,glinternet,0.2025,0.9740,730.61,6,20
0.5,square,20,0.8,glinternet,0.0872,0.9888,790.10,7,20
0.5,square,20,1,glinternet,0.0721,0.9882,866.16,4,20
0.5,cosh,20,0.2,hierNet,0.2732,1.0096,159.55,20,20
0.5,cosh,20,0.4,hierNet,0.1922,1.1144,167.13,20,20
0.5,cosh,20,0.6,hierNet,0.1328,1.1910,169.54,20,20
0.5,cosh,20,0.8,hierNet,0.0785,1.2582,137.10,20,20
0.5,cosh,20,1,hierNet,0.1041,1.2203,171.72,20,20
0.5,hyperbola,20,0.2,hierNet,0.3843,0.8838,152.38,20,20
0.5,hyperbola,20,0.4,hierNet,0.1983,1.1357,174.42,20,20
0.5,hyperbola,20,0.6,hierNet,0.1160,1.2375,143.59,20,20
0.5,hyperbola,20,0.8,hierNet,0.1011,1.2603,254.48,20,20
0.5,hyperbola,20,1,hierNet,0.1074,1.2859,168.97,20,20
0.5,linear,20,0.2,hierNet,0.6440,0.5856,119.92,20,20
0.5,linear,20,0.4,hierNet,0.6195,0.6143,129.13,20,20
0.5,linear,20,0.6,hierNet,0.6093,0.6256,143.10,20,20
0.5,linear,20,0.8,hierNet,0.6179,0.6169,113.04,20,20
0.5,linear,20,1,hierNet,0.6059,0.6302,209.79,20,20
0.5,rickercurve,20,0.2,hierNet,0.1176,1.1845,155.12,20,20
0.5,rickercurve,20,0.4,hierNet,0.1831,1.1499,170.41,20,20
0.5,rickercurve,20,0.6,hierNet,0.1372,1.2046,165.85,20,20
0.5,rickercurve,20,0.8,hierNet,0.0756,1.2884,236.90,20,20
0.5,rickercurve,20,1,hierNet,0.0686,1.3125,161.87,20,20
0.5,square,20,0.2,hierNet,0.3331,0.9306,155.25,20,20
0.5,square,20,0.4,hierNet,0.1542,1.1393,169.71,20,20
0.5,square,20,0.6,hierNet,0.1474,1.1799,164.64,20,20
0.5,square,20,0.8,hierNet,0.1244,1.2119,132.35,20,20
0.5,square,20,1,hierNet,0.1201,1.2080,171.19,20,20
